video_id,video_path,prnu_mean_corr,prnu_std_corr,prnu_positive_ratio,prnu_consistency_score,trajectory_curvature_mean,trajectory_curvature_std,trajectory_max_curvature,trajectory_mean_distance,flow_jitter_index,flow_bg_fg_ratio,flow_patch_variance,flow_smoothness_score,flow_global_mean,flow_global_std,ocr_char_error_rate,ocr_frame_stability,ocr_mutation_rate,ocr_unique_string_count,ocr_total_detections,freq_low_power_mean,freq_mid_power_mean,freq_high_power_mean,freq_high_low_ratio_mean,freq_spectrum_slope_mean,noise_variance_r_mean,noise_variance_g_mean,noise_variance_b_mean,cross_channel_corr_rg_mean,spatial_autocorr_mean,temporal_noise_consistency,avg_bitrate,i_frame_ratio,p_frame_ratio,b_frame_ratio,gop_length_mean,gop_length_std,double_compression_score,duration_seconds,fps,resolution_width,resolution_height,label
f7a4b4c44bbd,C:\Users\bperr\Desktop\frame-truth\frametruth_training\data\raw_videos\f7a4b4c44bbd.mp4,0.25376791558005113,0.018626666702161624,1.0,1.0,90.8651637103578,76.18714425461256,176.81655522724546,1.3290998276475654,0.8496569395065308,0.5,3.338320016860962,0.2995517791576271,6.634563446044922,3.338320016860962,0.0,1.0,0.0,0,0,8734279.101009037,9791650.144845197,22395816.842990525,2.5471894585766366,-1.0,1079.33447265625,1259.6656494140625,1841.6595458984375,0.9179151452180138,0.6522660372079369,0.004180684182979104,2316740.0,0.1,0.7,0.2,15.0,2.0,0.0,14.7,30.0,720,1280,AI
582b6a6b7ab8,C:\Users\bperr\Desktop\frame-truth\frametruth_training\data\raw_videos\582b6a6b7ab8.mp4,0.33716495500275656,0.0873729821159286,1.0,1.0,84.92227353506281,78.10307676071514,177.56719207004673,0.2277078551342629,0.5870934724807739,0.5,0.6259098649024963,1.5976715792523888,1.5899111032485962,0.6259098649024963,0.0,1.0,0.0,0,0,12605840.314126767,12276148.26051638,29994830.676766656,2.378609757174377,-1.0,2340.037353515625,2395.91748046875,3209.787109375,0.852801292386459,0.8520656143706983,0.010834121082409488,932090.0,0.1,0.7,0.2,15.0,2.0,0.0,10.0,30.0,704,1280,AI
e0ae7458fb50,C:\Users\bperr\Desktop\frame-truth\frametruth_training\data\raw_videos\e0ae7458fb50.mp4,0.5940427162722428,0.217861676699948,1.0,1.0,49.93281428802819,67.84184197682875,177.1653144941569,0.6822135216278052,0.9055841565132141,0.5,0.9689165353775024,1.0320795769377704,0.9981909990310669,0.9689165353775024,0.0,1.0,0.0,0,0,9156982.922629597,9922701.741905116,21435912.73583097,2.393634317922007,-1.0,993.7084655761719,1065.3489990234375,615.013427734375,0.47822885145161437,0.4254606747057459,0.0010041020357344187,1019348.0,0.1,0.7,0.2,15.0,2.0,0.0,12.0,30.0,720,1280,AI
b51fdcd68471,C:\Users\bperr\Desktop\frame-truth\frametruth_training\data\raw_videos\b51fdcd68471.mp4,0.5513602678739702,0.10519585271675018,1.0,1.0,115.57061151306925,72.48062282972981,179.2113514316704,0.7973050310877994,0.5535744428634644,0.5,0.8241989612579346,1.2132978002980621,1.759364366531372,0.8241989612579346,0.0,1.0,0.0,0,0,15668706.94386969,10427496.580020333,20457206.55770504,1.311401587990523,-1.0,8049.4296875,7273.98974609375,5173.6044921875,0.9883390107268057,0.9406596027016784,0.0015182403808134178,744482.0,0.1,0.7,0.2,15.0,2.0,0.0,8.0,30.0,720,1280,AI
98b796bb0b62,C:\Users\bperr\Desktop\frame-truth\frametruth_training\data\raw_videos\98b796bb0b62.mp4,0.6092283332649826,0.05638841968875407,1.0,1.0,105.29907255845369,83.23069034056807,179.3807864717244,0.7994220503672639,0.8058131337165833,0.5,1.1319001913070679,0.8834693413876927,1.131844401359558,1.1319001913070679,0.0,1.0,0.0,0,0,10568432.378567023,12335597.383804616,28014315.854692355,2.6629184294881076,-1.0,1492.9879150390625,1691.83447265625,795.6478271484375,0.9400537826438748,0.7989516817290492,0.004878415140378242,968563.0,0.1,0.7,0.2,15.0,2.0,0.0,5.5,30.0,720,1280,AI
35451c6c35bc,C:\Users\bperr\Desktop\frame-truth\frametruth_training\data\raw_videos\35451c6c35bc.mp4,0.3823960559813613,0.0951797094953669,1.0,1.0,90.69698425309666,78.02797788129813,179.07534460239205,0.7653850271901509,0.6207388639450073,0.5,2.1507949829101562,0.4649441453051906,4.0487470626831055,2.1507949829101562,0.0,1.0,0.0,0,0,10695789.545576643,12515948.22181782,31310022.685740776,2.9320113105335257,-1.0,1667.889404296875,1673.8446044921875,2961.20556640625,0.7763570555336945,0.822343411892361,0.0031181987356700283,3457900.0,0.1,0.7,0.2,15.0,2.0,0.0,9.6,60.0,720,1280,AI
997f8f8a4665,C:\Users\bperr\Desktop\frame-truth\frametruth_training\data\raw_videos\997f8f8a4665.mp4,0.6237674044124877,0.1032581349229663,1.0,1.0,49.22224908506644,71.99017127834138,177.71920805383863,0.5226701613651134,0.3150981068611145,0.5,0.11019056290388107,9.075104968538193,0.566288948059082,0.11019056290388107,0.0,1.0,0.0,0,0,12629641.097078348,10630384.322315529,25653105.858294334,2.0345089224852773,-1.0,3848.9931640625,4475.66845703125,4917.7109375,0.9916309672050165,0.8636647012813617,0.0006579367958711078,1220379.0,0.1,0.7,0.2,15.0,2.0,0.0,10.0,30.0,704,1280,AI
3b7c6d4c21b7,C:\Users\bperr\Desktop\frame-truth\frametruth_training\data\raw_videos\3b7c6d4c21b7.mp4,0.8223935042850533,0.06399433125218694,1.0,1.0,118.92124804657612,47.446106997058735,174.46921354095142,0.1362127765105055,0.3124992251396179,0.5,0.6459190845489502,1.5481791384429637,0.7202855348587036,0.6459190845489502,0.0,1.0,0.0,0,0,11894479.528063264,10931744.382286713,23772315.158945605,1.9990220306389745,-1.0,2450.6083984375,2448.9951171875,2034.4547119140625,0.9628117479906245,0.9091572076970871,0.001049307525739906,1005460.0,0.1,0.7,0.2,15.0,2.0,0.0,10.1,30.0,704,1280,AI
d93a7316287c,C:\Users\bperr\Desktop\frame-truth\frametruth_training\data\raw_videos\d93a7316287c.mp4,0.7907140809998565,0.06728769912862781,1.0,1.0,92.96750931851196,73.13454824924555,178.41424552192896,0.12672812894794344,0.23699593544006348,0.5,0.6345565915107727,1.5759010897957608,0.8188972473144531,0.6345565915107727,0.0,1.0,0.0,0,0,12225606.163435036,10919817.56195517,27173529.48445931,2.2227559208653243,-1.0,7232.23828125,7755.2919921875,7132.974609375,0.9766385545119362,0.9752125451552699,0.006219641885855634,667049.0,0.1,0.7,0.2,15.0,2.0,0.0,10.0,30.0,700,1012,AI
67ddd08ca6ef,C:\Users\bperr\Desktop\frame-truth\frametruth_training\data\raw_videos\67ddd08ca6ef.mp4,0.7569032639326179,0.06351434631854236,1.0,1.0,51.79004361423046,79.94243883663147,178.726421300719,1.451751256193014,0.2404279112815857,0.5,0.4391027092933655,2.2773663233436716,0.8191787600517273,0.4391027092933655,0.0,1.0,0.0,0,0,13606211.073446851,12254584.84218764,28746925.461262915,2.120499183252074,-1.0,0.0,0.0,0.0,0.0,0.0,1000000.0,1009623.0,0.1,0.7,0.2,15.0,2.0,0.0,8.0,24.0,720,1280,AI
7aaec7573a7c,C:\Users\bperr\Desktop\frame-truth\frametruth_training\data\raw_videos\7aaec7573a7c.mp4,0.2892746691916723,0.11652157864359604,1.0,1.0,121.29228166206244,70.8569516492764,179.01194796568333,2.5576982669648984,1.1526238918304443,0.5,2.246978998184204,0.44504178978366743,4.524324417114258,2.246978998184204,0.0,1.0,0.0,0,0,12481715.364705987,12086172.890301252,27214774.55583691,2.162423866724094,-1.0,4330.61572265625,4881.70263671875,5192.77001953125,0.9765435453623835,0.9320377237160602,0.0007717382512627812,1150598.0,0.1,0.7,0.2,15.0,2.0,0.0,15.866666666666667,30.0,698,1280,AI
4b8a9c1c02be,C:\Users\bperr\Desktop\frame-truth\frametruth_training\data\raw_videos\4b8a9c1c02be.mp4,0.35281344947148724,0.14852333627835926,1.0,1.0,89.7766000444122,79.40717932586543,178.21868164258836,0.7912553100932083,0.7901652455329895,0.5,3.1126058101654053,0.32127411555295654,3.972510576248169,3.1126058101654053,0.0,1.0,0.0,0,0,13595148.70393141,14760008.408369372,31954658.2155793,2.343379251119027,-1.0,2914.896484375,2759.17333984375,3867.373046875,0.8120060043129858,0.8483178491926491,0.002239717886767177,2590658.0,0.1,0.7,0.2,15.0,2.0,0.0,8.9,60.0,720,1280,AI
f9d5db495ad4,C:\Users\bperr\Desktop\frame-truth\frametruth_training\data\raw_videos\f9d5db495ad4.mp4,0.756004729471424,0.0674178683856769,1.0,1.0,91.68050739399827,81.87901741549264,178.6489662184889,0.4970349425866079,0.7221270203590393,0.5,0.5537037253379822,1.8060167346225888,1.0255095958709717,0.5537037253379822,0.0,1.0,0.0,0,0,13493189.795666397,15174075.175276503,40197278.415501624,2.9800776489128786,-1.0,2855.29248046875,3926.737548828125,4781.4873046875,0.921617612470823,0.7192037134484791,0.00254958017798318,2304214.0,0.1,0.7,0.2,15.0,2.0,0.0,10.0,30.0,720,1280,AI
569e25366fc6,C:\Users\bperr\Desktop\frame-truth\frametruth_training\data\raw_videos\569e25366fc6.mp4,0.3292477526319926,0.01824045150190559,1.0,1.0,61.17707695113014,73.02055112463508,178.39138524156198,0.3738724116642722,0.9575392007827759,0.5,0.8706203699111938,1.1486049327068588,4.096439361572266,0.8706203699111938,0.0,1.0,0.0,0,0,15857006.451612644,13877420.765320398,29741639.588304475,1.8755170522735247,-1.0,4754.8671875,6738.935546875,7916.0185546875,0.9347828456168866,0.9334380587720499,0.02193491871802191,707390.0,0.1,0.7,0.2,15.0,2.0,0.0,8.0,24.0,640,640,AI
25ca3f8eb1c8,C:\Users\bperr\Desktop\frame-truth\frametruth_training\data\raw_videos\25ca3f8eb1c8.mp4,0.46660673397216573,0.29203787128238823,1.0,1.0,65.5114281168393,82.80916348584714,178.87556180682347,1.0378133427964378,1.1732944250106812,0.5,3.9750287532806396,0.25157044401357953,9.022272109985352,3.9750287532806396,0.0,1.0,0.0,0,0,12652150.588715991,14886354.60707326,33271852.34020152,2.637743326031594,-1.0,2214.093994140625,1849.2080078125,3487.234375,0.62914443573501,0.8102836174918606,0.0011538877319559576,3462660.0,0.1,0.7,0.2,15.0,2.0,0.0,14.166666666666666,60.0,720,1280,AI
216323558223,C:\Users\bperr\Desktop\frame-truth\frametruth_training\data\raw_videos\216323558223.mp4,0.2799075890695289,0.03482882532057962,1.0,1.0,93.31983677169005,70.8966398202125,177.38849006469573,0.43857816676747335,0.6561188101768494,0.5,1.3583688735961914,0.7361765152760407,5.601265907287598,1.3583688735961914,0.0,1.0,0.0,0,0,13957908.422517054,13987516.624166867,32992284.523175858,2.3684395630483763,-1.0,3832.70166015625,4216.73583984375,3588.1982421875,0.9733386634735272,0.8558215503782192,0.0021640121456958194,2256162.0,0.1,0.7,0.2,15.0,2.0,0.0,15.0,30.0,704,1280,AI
e0c43afab2b7,C:\Users\bperr\Desktop\frame-truth\frametruth_training\data\raw_videos\e0c43afab2b7.mp4,0.45538199519182476,0.1555592686939838,1.0,1.0,83.425046960935,75.62413064281733,177.1197502769894,0.3111231667084885,0.5875299572944641,0.5,1.7457276582717896,0.5728267077828494,4.408918380737305,1.7457276582717896,0.0,1.0,0.0,0,0,12468974.456828646,16113073.637588799,39803751.58777392,3.1912949320005417,-1.0,2124.6826171875,1661.84765625,1878.07666015625,0.9696081136645054,0.8763981336723561,0.004278870901939707,2062385.0,0.1,0.7,0.2,15.0,2.0,0.0,9.4,30.0,720,1280,AI
53f12045f875,C:\Users\bperr\Desktop\frame-truth\frametruth_training\data\raw_videos\53f12045f875.mp4,0.4047930373172889,0.05455217720733111,1.0,1.0,103.48276367981553,77.09939974717533,178.85196299314288,0.6032421179729527,0.7478394508361816,0.5,2.3256781101226807,0.42998193329743134,3.9201645851135254,2.3256781101226807,0.0,1.0,0.0,0,0,14958598.662976578,14500938.630601285,34396650.84442511,2.2994000724147607,-1.0,9035.681640625,7774.17919921875,6242.7666015625,0.9985467097949687,0.9755874198175032,0.001029995473849126,1841846.0,0.1,0.7,0.2,15.0,2.0,0.0,9.999555555555556,29.801324503311257,704,1280,AI
edf9e29e1733,C:\Users\bperr\Desktop\frame-truth\frametruth_training\data\raw_videos\edf9e29e1733.mp4,0.44030799749427907,0.13129766460930517,1.0,1.0,115.28923003711029,82.06525365358927,179.03302097105666,0.5541113230443909,1.2781591415405273,0.5,2.8311760425567627,0.35320998474080795,2.8015329837799072,2.8311760425567627,0.0,1.0,0.0,0,0,14299818.73259908,13944822.382115541,32257155.974200755,2.257326114007063,-1.0,5749.396484375,5514.68701171875,8857.650390625,0.5556242181405608,0.8688978355213026,0.0017543179597720301,1826523.0,0.1,0.7,0.2,15.0,2.0,0.0,10.066666666666666,30.0,720,1280,AI
5f0bba235170,C:\Users\bperr\Desktop\frame-truth\frametruth_training\data\raw_videos\5f0bba235170.mp4,0.3536675395130702,0.07181078991602396,1.0,1.0,66.42503487592509,75.47266328923193,176.64156054745976,0.11506135431067176,0.2265804409980774,0.5,0.417064905166626,2.3977025875574283,0.9321516752243042,0.417064905166626,0.0,1.0,0.0,0,0,12224736.468906797,14910359.57403,37554201.8573361,3.0721197227743224,-1.0,3493.349853515625,2887.8681640625,3276.7373046875,0.9417502134692194,0.8925175322967316,0.0028118405111032954,2128257.0,0.1,0.7,0.2,15.0,2.0,0.0,8.0,24.0,720,1280,AI
e4dacf20e1a8,C:\Users\bperr\Desktop\frame-truth\frametruth_training\data\raw_videos\e4dacf20e1a8.mp4,0.6202578136394588,0.03120593724127783,1.0,1.0,73.929139193659,71.69632351034464,175.93890845555913,0.39564341925421936,0.6477951407432556,0.5,0.3903238773345947,2.56196839624644,1.271129846572876,0.3903238773345947,0.0,1.0,0.0,0,0,17925673.849384878,11968093.001027241,24309887.92613637,1.3556697027124782,-1.0,1728.1517333984375,1668.6658935546875,1392.5120849609375,0.9971637996129588,0.8426926444501083,0.009742297869025253,654717.0,0.1,0.7,0.2,15.0,2.0,0.0,7.416666666666667,24.0,720,720,AI
12140b5e80cb,C:\Users\bperr\Desktop\frame-truth\frametruth_training\data\raw_videos\12140b5e80cb.mp4,0.254810681916413,0.009372265482403233,1.0,1.0,69.68032829726675,78.51994894202076,177.72187328954203,0.73521810143087,0.5875886678695679,0.5,2.13430118560791,0.4685372140567674,6.360649108886719,2.13430118560791,0.0,1.0,0.0,0,0,15615614.43405953,15536639.658685265,33784679.44007911,2.1697528616819093,-1.0,4624.14404296875,4482.427734375,4450.2958984375,0.9800478349812815,0.8412565733762353,0.0006398460366379325,991871.0,0.1,0.7,0.2,15.0,2.0,0.0,19.133333333333333,30.0,720,1280,AI
e35e72dd8052,C:\Users\bperr\Desktop\frame-truth\frametruth_training\data\raw_videos\e35e72dd8052.mp4,0.26995244086293696,0.014241861669744522,1.0,1.0,88.74065650367604,81.53550951836019,176.89868918312195,1.0124972843700288,0.6366867423057556,0.5,1.136409044265747,0.8799640631882273,3.5058188438415527,1.136409044265747,0.0,1.0,0.0,0,0,12897187.233738024,11445298.492182244,25052494.407787185,1.9377000865991292,-1.0,3231.86865234375,3822.013671875,4478.38818359375,0.860755528380439,0.867866956328764,0.0006050415497101975,2863167.0,0.1,0.7,0.2,15.0,2.0,0.0,18.716666666666665,60.0,720,1280,AI
2ba18028f4b4,C:\Users\bperr\Desktop\frame-truth\frametruth_training\data\raw_videos\2ba18028f4b4.mp4,0.2502455294236702,0.008959906702266917,1.0,1.0,89.2350678091734,81.10126905048494,177.1642295309578,1.075210900141332,1.117051124572754,0.5,1.9337230920791626,0.5171368573707888,6.743797302246094,1.9337230920791626,0.0,1.0,0.0,0,0,13001460.851066932,17774130.26809405,39130201.70923346,3.038010070825149,-1.0,3254.2177734375,2986.07177734375,2098.144287109375,0.88382546140447,0.7806673643259514,0.0009800477368872645,3459295.0,0.1,0.7,0.2,15.0,2.0,0.0,14.26425,59.94005994005994,720,1280,AI
93b7375a0193,C:\Users\bperr\Desktop\frame-truth\frametruth_training\data\raw_videos\93b7375a0193.mp4,0.2563691686930044,0.009901309256221865,1.0,1.0,71.48430164514768,77.18422054033536,178.99489793138392,0.9303128513447113,0.4654930830001831,0.5,0.5153595805168152,1.9403889971506503,4.23516321182251,0.5153595805168152,0.0,1.0,0.0,0,0,13704014.953742687,16191582.473552795,35175250.03270969,2.570891290308283,-1.0,3012.724609375,3645.188232421875,3069.8779296875,0.9371979916751283,0.8558841974258368,0.0016844402985894695,973676.0,0.1,0.7,0.2,15.0,2.0,0.0,25.033333333333335,30.0,720,1280,AI
51eeb9cca323,C:\Users\bperr\Desktop\frame-truth\frametruth_training\data\raw_videos\51eeb9cca323.mp4,0.2540767394993225,0.016193258856645118,1.0,1.0,77.0835956751093,85.26696439634838,178.90489744940345,1.5473252623187013,1.00705087184906,0.5,2.8979923725128174,0.3450663515951768,8.178338050842285,2.8979923725128174,0.0,0.0,0.25,1,1,15134383.244293679,15923808.364765225,39336143.14474169,2.5991821738027276,-1.0,5772.2236328125,5287.09716796875,5930.794921875,0.9566281836826632,0.9168808732526857,0.0018724845311247082,970872.0,0.1,0.7,0.2,15.0,2.0,0.0,11.133333333333333,30.0,720,1280,AI
cedc43daa253,C:\Users\bperr\Desktop\frame-truth\frametruth_training\data\raw_videos\cedc43daa253.mp4,0.3512587080272068,0.04621153594038991,1.0,1.0,78.1632921859896,83.94668609521175,178.3839745102997,0.4627012398106668,0.7748124003410339,0.5,3.2428624629974365,0.3083694430587226,4.053299903869629,3.2428624629974365,0.0,0.0,0.5,3,3,14960720.421117408,14819762.359842675,31899636.63541735,2.1354560350520195,-1.0,3934.21337890625,4508.828125,4340.2021484375,0.9662612859187156,0.8724861760180459,0.0025630115319887773,1034322.0,0.1,0.7,0.2,15.0,2.0,0.0,6.933333333333334,30.0,720,1260,AI
c2828e8dd4c9,C:\Users\bperr\Desktop\frame-truth\frametruth_training\data\raw_videos\c2828e8dd4c9.mp4,0.2729012116874999,0.05934893709413897,1.0,1.0,90.91467925744595,71.99630260257577,176.3687514831411,1.5920411755000328,0.7251902222633362,0.5,3.358003854751587,0.2977958767942211,10.178204536437988,3.358003854751587,0.0,1.0,0.0,0,0,14157455.969958352,17672511.470678136,40128586.35725486,2.8366875125762507,-1.0,4656.470703125,3767.079345703125,3686.587890625,0.9553271169571732,0.7649976340017066,0.0005867342477177006,1168936.0,0.1,0.7,0.2,15.0,2.0,0.0,11.466666666666667,30.0,720,1280,AI
47009da79f2c,C:\Users\bperr\Desktop\frame-truth\frametruth_training\data\raw_videos\47009da79f2c.mp4,0.383119738025652,0.1282308282770309,1.0,1.0,102.61183303343797,82.3223558335708,178.8706882046034,0.826818936756356,0.8070511221885681,0.5,1.404089093208313,0.7122050108017096,3.538290023803711,1.404089093208313,0.0,0.0,0.25,1,1,12104880.956060443,9963206.31612382,21399927.427279845,1.7805153015622588,-1.0,1731.2825927734375,1643.1995849609375,1374.89453125,0.9692617018957118,0.7908808102581923,0.0016394695872726298,1859314.0,0.1,0.7,0.2,15.0,2.0,0.0,10.52,50.0,720,1280,AI
584f49133f5b,C:\Users\bperr\Desktop\frame-truth\frametruth_training\data\raw_videos\584f49133f5b.mp4,0.34878052326033937,0.08118593412151215,1.0,1.0,63.62540096912897,68.92435065508073,169.18279048921156,0.16595422265631307,1.4298515319824219,0.5,0.5652415752410889,1.7691519425504654,1.417749047279358,0.5652415752410889,0.0,1.0,0.0,0,0,10172171.839406282,11293390.72342937,26714701.293577075,2.6271158485312074,-1.0,610.4328002929688,986.2318115234375,2306.90380859375,0.6160973596955299,0.7634002596160608,0.01067399623870444,995276.0,0.1,0.7,0.2,15.0,2.0,0.0,10.0,30.0,704,1280,AI
3db305299335,C:\Users\bperr\Desktop\frame-truth\frametruth_training\data\raw_videos\3db305299335.mp4,0.2832369123047661,0.06957118599485333,1.0,1.0,63.60616840439369,78.74000420709612,178.26290529987082,1.6848024624380131,0.7859154939651489,0.5,1.4071253538131714,0.7106682333751339,6.154978275299072,1.4071253538131714,0.0,1.0,0.0,0,0,14971099.29105902,21351398.05101861,61926821.804576606,4.134960199672014,-1.0,6587.69970703125,5938.9482421875,5022.4189453125,0.9101052755272119,0.9029012149470499,0.000459914044368702,2353509.0,0.1,0.7,0.2,15.0,2.0,0.0,8.0,24.0,720,1280,AI
ad474bb28468,C:\Users\bperr\Desktop\frame-truth\frametruth_training\data\raw_videos\ad474bb28468.mp4,0.2511802844709545,0.00832718450103878,1.0,1.0,84.00030717156768,81.3594756386589,178.92109718111857,2.51940031436895,0.9239255785942078,0.5,2.7803714275360107,0.35966404719608314,8.240646362304688,2.7803714275360107,0.0,1.0,0.0,0,0,10829411.970024895,9799113.136316273,19498165.99696599,1.8066587863731736,-1.0,2994.480712890625,1730.119384765625,1279.35302734375,0.8710435253405842,0.8806630322157899,0.0012674991886065944,73181.0,0.1,0.7,0.2,15.0,2.0,0.0,23.5,30.0,144,256,AI
d211007fc1e6,C:\Users\bperr\Desktop\frame-truth\frametruth_training\data\raw_videos\d211007fc1e6.mp4,0.378378327412183,0.12050497138634306,1.0,1.0,102.41654450271211,83.18284946233847,178.8725238620413,1.6598180884203217,0.27025675773620605,0.5,0.9426878094673157,1.060795450160344,3.8167853355407715,0.9426878094673157,0.0,1.0,0.0,0,0,9147680.288958935,8152978.402253024,19522000.745432265,2.1526245322721227,-1.0,821.0311279296875,484.0619812011719,283.2109069824219,0.9332686594385537,0.8562928064310316,0.004443161097934088,1459382.0,0.1,0.7,0.2,15.0,2.0,0.0,17.333333333333332,30.0,720,1062,AI
1e1ef5519b83,C:\Users\bperr\Desktop\frame-truth\frametruth_training\data\raw_videos\1e1ef5519b83.mp4,0.34796605118224055,0.13161322244158424,1.0,1.0,90.76792927619086,87.79064081638933,179.82928637148564,3.3316120949519425,0.33109724521636963,0.5,1.063455581665039,0.9403298801671001,1.9330638647079468,1.063455581665039,0.0,0.75,0.5,2,8,11630868.078408685,11126502.530519014,27870018.36378134,2.438212161199296,-1.0,0.0,0.0,0.0,0.0,0.0,1000000.0,923189.0,0.1,0.7,0.2,15.0,2.0,0.0,24.0,30.0,720,1280,AI
45290cdd4922,C:\Users\bperr\Desktop\frame-truth\frametruth_training\data\raw_videos\45290cdd4922.mp4,0.2527140301567045,0.007982593409005827,1.0,1.0,80.67678910843722,82.80147713586683,177.89567180061385,0.9025959700835617,0.7435489892959595,0.5,1.8346595764160156,0.5450599488835621,7.1155524253845215,1.8346595764160156,0.0,1.0,0.0,0,0,12282126.467121243,14744589.176845793,38494900.93605408,3.1383334688610733,-1.0,5173.888671875,4078.7685546875,3485.38427734375,0.9857772520148036,0.9362350677795512,0.0013614037529918652,2269293.0,0.1,0.7,0.2,15.0,2.0,0.0,10.0,30.0,720,1280,AI
ecaa4b0d64da,C:\Users\bperr\Desktop\frame-truth\frametruth_training\data\raw_videos\ecaa4b0d64da.mp4,0.2850743544191726,0.02108987868007593,1.0,1.0,115.4744982395192,67.20838151330415,177.5729138799518,0.2667799500334989,1.1947709321975708,0.5,2.442681312561035,0.4093860240677585,3.7006001472473145,2.442681312561035,0.0,1.0,0.0,0,0,11982337.722386835,11235341.858087966,32302466.733367674,2.699672462651427,-1.0,3474.01416015625,3349.38232421875,4115.1630859375,0.991889354116282,0.9800777609304199,0.005658862011369085,2177871.0,0.1,0.7,0.2,15.0,2.0,0.0,8.333333333333334,30.0,720,1280,AI
6e8dfea184c1,C:\Users\bperr\Desktop\frame-truth\frametruth_training\data\raw_videos\6e8dfea184c1.mp4,0.2508974888011919,0.008550258418904938,1.0,1.0,90.76760594341052,83.49717118399704,178.18439960837958,1.0548044388546804,0.8694711923599243,0.5,0.5033937692642212,1.9865124968653007,6.2421722412109375,0.5033937692642212,0.0,1.0,0.0,0,0,12902661.735463602,17215967.06531947,37284105.71607843,2.896664033534053,-1.0,2785.74462890625,2409.17626953125,5174.7529296875,0.7819257276792277,0.7853114974299696,0.0012337428349342868,3458109.0,0.1,0.7,0.2,15.0,2.0,0.0,9.133333333333333,60.0,720,1280,AI
e46a47bc6114,C:\Users\bperr\Desktop\frame-truth\frametruth_training\data\raw_videos\e46a47bc6114.mp4,0.30588485338120897,0.046145424012291145,1.0,1.0,78.68386813152486,80.05070723218317,179.31263924838984,3.968991346028026,0.43441617488861084,0.5,1.868669033050537,0.53513995639323,3.6466057300567627,1.868669033050537,0.0,1.0,0.0,0,0,14367659.741282202,10675569.95556677,20597087.828193806,1.4549343992677517,-1.0,4211.837890625,4597.92041015625,4767.3115234375,0.9693384878508854,0.8812063902782163,0.000611240193444443,987913.0,0.1,0.7,0.2,15.0,2.0,0.0,32.333333333333336,30.0,1280,720,AI
f8a60f3b8469,C:\Users\bperr\Desktop\frame-truth\frametruth_training\data\raw_videos\f8a60f3b8469.mp4,0.44547147516198604,0.046387082133728996,1.0,1.0,77.58758623300683,78.66186207873369,176.3909044915713,0.21423427003962842,1.4945392608642578,0.5,0.2771157920360565,3.608586807940123,0.9039158821105957,0.2771157920360565,0.0,1.0,0.0,0,0,11191574.464894367,10699404.993356626,26630871.2408152,2.382101925294428,-1.0,2293.418701171875,2617.63623046875,2533.05322265625,0.996208304139652,0.9726330589457506,0.0035366416479177955,1138632.0,0.1,0.7,0.2,15.0,2.0,0.0,7.833333333333333,24.0,720,1280,AI
04d0bca18d2b,C:\Users\bperr\Desktop\frame-truth\frametruth_training\data\raw_videos\04d0bca18d2b.mp4,0.4976632555254077,0.11531390629236928,1.0,1.0,63.23933605888339,77.06061473503478,177.28355386581742,0.28392140155351353,0.254474401473999,0.5,0.057163652032613754,17.493327859836825,1.1338552236557007,0.057163652032613754,0.0,1.0,0.0,0,0,15628584.248259237,16485254.399647435,39653354.91903508,2.544372103577823,-1.0,4331.90087890625,3688.958251953125,4031.12841796875,0.9198325111818997,0.7826225607798637,0.003750977995523959,961222.0,0.1,0.7,0.2,15.0,2.0,0.0,5.2,30.0,720,1280,AI
1a24969d303f,C:\Users\bperr\Desktop\frame-truth\frametruth_training\data\raw_videos\1a24969d303f.mp4,0.4723457639433458,0.0666447795834787,1.0,1.0,112.01556199359061,76.14191018840285,178.69627112971133,0.16453806289356832,0.20521068572998047,0.5,0.5114552974700928,1.955201265379814,1.4808998107910156,0.5114552974700928,0.0,1.0,0.0,0,0,13686717.528855711,16210335.72668522,36118657.68984456,2.6414519872504103,-1.0,2544.061767578125,2422.363037109375,1948.893310546875,0.9556911681712976,0.7963103474135425,0.005889197220715637,1553403.0,0.1,0.7,0.2,15.0,2.0,0.0,5.0,25.0,720,1280,AI
f259ba9b8afb,C:\Users\bperr\Desktop\frame-truth\frametruth_training\data\raw_videos\f259ba9b8afb.mp4,0.374988877295624,0.04530018029271173,1.0,1.0,105.58778998817714,70.86362037130172,178.3190773284455,0.538524441562386,0.5457769632339478,0.5,1.347068190574646,0.7423523654144374,2.8331165313720703,1.347068190574646,0.0,1.0,0.0,0,0,14167069.052812155,13725054.857748922,33387978.549839836,2.3584532426285634,-1.0,3276.116943359375,3131.14599609375,3362.847900390625,0.9268298707224476,0.8509631706975616,0.0025093247680091756,973859.0,0.1,0.7,0.2,15.0,2.0,0.0,7.7,30.0,720,1280,AI
c1112edefb98,C:\Users\bperr\Desktop\frame-truth\frametruth_training\data\raw_videos\c1112edefb98.mp4,0.2626114183634628,0.02153415367223502,1.0,1.0,91.19450799764331,78.89897541574636,177.63028146985022,0.8069532687670813,1.1723134517669678,0.5,2.9549062252044678,0.33842010045875603,7.959359645843506,2.9549062252044678,0.0,0.0,0.5,2,2,10661625.266707173,10188933.9667633,22339500.958497234,2.0930088755883602,-1.0,2409.2734375,1561.713134765625,2762.308837890625,0.9225010065119235,0.8758264300475237,0.0021455380318810276,1721915.0,0.1,0.7,0.2,15.0,2.0,0.0,13.4,30.0,720,1280,AI
bf05ee6b6f93,C:\Users\bperr\Desktop\frame-truth\frametruth_training\data\raw_videos\bf05ee6b6f93.mp4,0.5910961561411633,0.0507700591155316,1.0,1.0,47.5507146361894,67.79827987814551,177.45296660271146,0.18324477003361234,0.15516650676727295,0.5,0.2527387738227844,3.9566388181591794,0.6282863616943359,0.2527387738227844,0.0,1.0,0.0,0,0,12099776.778710805,11268490.10941106,23227977.033871476,1.919954350177508,-1.0,0.0,0.0,0.0,0.0,0.0,1000000.0,498893.0,0.1,0.7,0.2,15.0,2.0,0.0,6.28,25.0,700,1280,AI
8b3c0d536b04,C:\Users\bperr\Desktop\frame-truth\frametruth_training\data\raw_videos\8b3c0d536b04.webm,0.3145037284352863,0.030670167004021493,1.0,1.0,107.23105495343741,73.91496134699085,178.41357835595318,0.8937696259522254,1.2516727447509766,0.5,0.9309170246124268,1.0742084410883916,7.813809394836426,0.9309170246124268,0.0,1.0,0.0,0,0,12851238.725866394,10524267.924515637,19164907.647002637,1.4873258234349716,-1.0,2366.1865234375,2652.678955078125,2908.995849609375,0.9681085208370102,0.8739886425308405,0.0024145981737301067,0.0,0.1,0.7,0.2,15.0,2.0,0.0,29.6,30.0,136,240,AI
584905cd4c8f,C:\Users\bperr\Desktop\frame-truth\frametruth_training\data\raw_videos\584905cd4c8f.mp4,0.36602003514539905,0.07813777240480699,1.0,1.0,77.02703964112217,81.90258654821018,178.30194284932782,0.6906951016234987,1.2853429317474365,0.5,0.34244751930236816,2.920146952415468,1.567017674446106,0.34244751930236816,0.0,1.0,0.0,0,0,13984696.12853711,11668297.030954923,26327899.30981801,1.8831202085318124,-1.0,1912.9896240234375,1561.3758544921875,1349.8875732421875,0.9640190116779899,0.8087251463755271,0.002035415151165262,1039646.0,0.1,0.7,0.2,15.0,2.0,0.0,8.233333333333333,30.0,720,1280,AI
922edd6f86f3,C:\Users\bperr\Desktop\frame-truth\frametruth_training\data\raw_videos\922edd6f86f3.mp4,0.27377493787152496,0.04578660552822387,1.0,1.0,90.0738978664115,84.0513377545037,176.30816987689448,0.859128066751915,0.5246221423149109,0.5,2.3067429065704346,0.43351149520830684,7.310812950134277,2.3067429065704346,0.0,1.0,0.0,0,0,13210187.14304012,12308311.885839712,28416032.890240826,2.156595347658093,-1.0,4264.8466796875,3797.3740234375,3463.6357421875,0.9987407924788175,0.9175903422935052,0.00043902899115529553,975654.0,0.1,0.7,0.2,15.0,2.0,0.0,8.433333333333334,30.0,720,1280,AI
12fdb6b00056,C:\Users\bperr\Desktop\frame-truth\frametruth_training\data\raw_videos\12fdb6b00056.mp4,0.2598148084769939,0.036517757884418904,1.0,1.0,99.15991136801613,80.75021708503404,179.64906440086466,0.6425309243304754,1.63368821144104,0.5,4.178674221038818,0.2393102950344631,14.36543083190918,4.178674221038818,0.0,1.0,0.0,0,0,11337576.457073448,12262699.120796734,25764993.817111533,2.28016661513234,-1.0,2484.54248046875,2542.373291015625,2550.67138671875,0.9745388617361831,0.8169561696461645,0.001539664398904468,105005.0,0.1,0.7,0.2,15.0,2.0,0.0,15.1,30.0,140,256,AI
cc1756326a5f,C:\Users\bperr\Desktop\frame-truth\frametruth_training\data\raw_videos\cc1756326a5f.mp4,0.25665748108400666,0.00850476631433862,1.0,1.0,115.48627379635468,79.43281880462224,179.36888781051823,1.92717843597833,1.0034855604171753,0.5,2.904940605163574,0.34424099893178095,8.466318130493164,2.904940605163574,0.0,1.0,0.0,0,0,12217516.451676302,13164551.250692377,32946406.0472626,2.743780111832062,-1.0,2678.71435546875,3865.72119140625,5838.349609375,0.9388717500328267,0.8987096532947533,0.000768078895514164,2348189.0,0.1,0.7,0.2,15.0,2.0,0.0,14.466666666666667,30.0,720,1280,real
8801f87631e3,C:\Users\bperr\Desktop\frame-truth\frametruth_training\data\raw_videos\8801f87631e3.mp4,0.3125037733718605,0.12111067026066875,1.0,1.0,120.14756892736764,74.27079121876706,178.94260695065967,2.2701507920204507,0.3317068815231323,0.5,4.272210597991943,0.23407080315732193,7.4300737380981445,4.272210597991943,0.0,0.0,0.5,2,2,12670785.973533079,14200025.773432512,34174634.0832523,2.73073189707893,-1.0,2546.29541015625,2144.517822265625,1891.144775390625,0.8714507287722916,0.8344610241590267,0.0010336829594590564,2178571.0,0.1,0.7,0.2,15.0,2.0,0.0,17.466666666666665,60.0,720,1280,real
84585e5f6219,C:\Users\bperr\Desktop\frame-truth\frametruth_training\data\raw_videos\84585e5f6219.mp4,0.26992367090059854,0.011274282684351787,1.0,1.0,63.668362980356925,83.08470397813667,178.17866139112795,0.7461431204938108,0.33709967136383057,0.5,0.33721327781677246,2.965473486100006,2.1921610832214355,0.33721327781677246,0.0,0.5,0.5,3,6,10425473.045143949,12354867.45873645,29464805.468894284,2.832841468824561,-1.0,0.0,0.0,0.0,0.0,0.0,1000000.0,910886.0,0.1,0.7,0.2,15.0,2.0,0.0,11.666666666666666,30.0,720,1280,real
b13e96f4ecc1,C:\Users\bperr\Desktop\frame-truth\frametruth_training\data\raw_videos\b13e96f4ecc1.mp4,0.2570708249690895,0.011136355105988724,1.0,1.0,114.20812727156117,81.94398758729068,179.65116897376004,1.5454539760183856,0.5156956315040588,0.5,1.0641382932662964,0.9397266000117095,3.024308681488037,1.0641382932662964,0.0,0.33333333333333337,0.5,2,3,12197314.668222519,14078902.25133619,36592283.08628072,2.9994998857099198,-1.0,0.0,0.0,0.0,0.0,0.0,1000000.0,1015210.0,0.1,0.7,0.2,15.0,2.0,0.0,18.733333333333334,30.0,720,1280,real
f362fca1fc3c,C:\Users\bperr\Desktop\frame-truth\frametruth_training\data\raw_videos\f362fca1fc3c.mp4,0.2574006073907197,0.013373303204912075,1.0,1.0,103.09430609533628,83.70117638905016,179.7643122175441,3.4268590967826174,2.4018093506481986,0.5,1.0800453424453735,0.9258861964532582,7.594099998474121,1.0800453424453735,0.0,1.0,0.0,0,0,12221981.443706661,15561964.419276165,41177085.8645703,3.3786543321954943,-1.0,3274.576171875,2475.05859375,2147.429443359375,0.9636858053307719,0.8480152432112472,0.0010850433151240661,3447594.0,0.1,0.7,0.2,15.0,2.0,0.0,13.633333333333333,60.0,720,1280,real
d6442e615a7c,C:\Users\bperr\Desktop\frame-truth\frametruth_training\data\raw_videos\d6442e615a7c.mp4,0.3126320835186416,0.09202207750618797,1.0,1.0,116.42410923451708,79.24354453885782,178.87470246010395,1.3629845194254775,0.7292133569717407,0.5,2.8346121311187744,0.35278182727013496,6.197669982910156,2.8346121311187744,0.0,1.0,0.0,0,0,13644980.61300721,11535043.495552525,22844097.989526384,1.6652619733465357,-1.0,2869.329833984375,2961.8583984375,2959.663330078125,0.896591697195162,0.8650305369221833,0.000667713119611619,1025011.0,0.1,0.7,0.2,15.0,2.0,0.0,12.433333333333334,30.0,720,1280,real
0355e504813a,C:\Users\bperr\Desktop\frame-truth\frametruth_training\data\raw_videos\0355e504813a.mp4,0.2549361903640891,0.011314884272392878,1.0,1.0,124.5810422436192,74.84845945312979,178.45872149938896,1.0616549124577273,1.9051793813705444,0.5,1.7582037448883057,0.5687619732043935,7.263047695159912,1.7582037448883057,0.0,0.0,0.25,1,1,12631120.368897341,12630462.570860092,31751980.062006503,2.548884194217814,-1.0,2634.356201171875,1832.14501953125,1679.1937255859375,0.9851523046135087,0.8158141853927846,0.0007111766104650819,3460417.0,0.1,0.7,0.2,15.0,2.0,0.0,6.933333333333334,60.0,720,1280,real
ecd4506fcd5d,C:\Users\bperr\Desktop\frame-truth\frametruth_training\data\raw_videos\ecd4506fcd5d.mp4,0.6109373047028103,0.1173758594344026,1.0,1.0,101.82676102935011,76.83454520489629,178.84860503150145,0.5018023012287455,0.4883030652999878,0.5,2.2949132919311523,0.43574612067908985,3.202080488204956,2.2949132919311523,0.0,1.0,0.0,0,0,8324036.20220052,11249012.819758195,40037254.20074096,4.856832450925339,-1.0,1528.2139892578125,2984.5283203125,4273.3857421875,0.9160743879592692,0.8610499912806192,0.0041250644135117625,3441323.0,0.1,0.7,0.2,15.0,2.0,0.0,8.866666666666667,60.0,720,1280,real
d4ad9a450cfc,C:\Users\bperr\Desktop\frame-truth\frametruth_training\data\raw_videos\d4ad9a450cfc.mp4,0.8231029181410624,0.0335969326419353,1.0,1.0,119.56056851795839,50.34007510509487,176.41631266595988,0.15098763387008932,0.5825918912887573,0.5,0.17933019995689392,5.576274514643137,0.7757800221443176,0.17933019995689392,0.0,1.0,0.0,0,0,10209358.79119816,10856080.4554756,25468914.71713882,2.494018671796422,-1.0,1724.332275390625,1905.4930419921875,1994.664794921875,0.9903838814135905,0.9221345593076682,0.02358263190162723,1042944.0,0.1,0.7,0.2,15.0,2.0,0.0,11.3,30.0,720,1280,real
7d8592cbf67e,C:\Users\bperr\Desktop\frame-truth\frametruth_training\data\raw_videos\7d8592cbf67e.mp4,0.27207968726127724,0.04834328780050663,1.0,1.0,114.23939699610382,77.680893142882,178.18937674330348,0.5271072182223573,0.5069509744644165,0.5,2.599400281906128,0.3847039727804954,4.983834743499756,2.599400281906128,0.0,1.0,0.0,0,0,11176051.166088369,9705578.318045167,22099274.038705252,1.9646992291279837,-1.0,0.0,0.0,0.0,0.0,0.0,1000000.0,989507.0,0.1,0.7,0.2,15.0,2.0,0.0,11.466666666666667,30.0,720,1280,real
93e67e7aa778,C:\Users\bperr\Desktop\frame-truth\frametruth_training\data\raw_videos\93e67e7aa778.mp4,0.2564923743339516,0.03779677036381947,1.0,1.0,63.3464658686449,79.05736753777657,177.44676906597164,0.7023098865227188,0.20133167505264282,0.5,0.29042431712150574,3.4432259897701285,6.4492692947387695,0.29042431712150574,0.0,0.0,0.25,1,1,11301271.425075922,11935074.420754172,25292103.703711897,2.2315662864409593,-1.0,685.156005859375,629.9049682617188,1153.2979736328125,0.9854071825728461,0.7533041165813117,0.0035219313404591703,1155195.0,0.1,0.7,0.2,15.0,2.0,0.0,9.12,25.0,720,1280,real
2235586b1a24,C:\Users\bperr\Desktop\frame-truth\frametruth_training\data\raw_videos\2235586b1a24.mp4,0.2513860412714698,0.007308742540560426,1.0,1.0,99.47298399473551,79.05697615013554,176.32587299641676,0.9346075241668131,0.43839967250823975,0.5,2.3377487659454346,0.4277617795399839,9.2096529006958,2.3377487659454346,0.0,1.0,0.0,0,0,11469996.309454255,13591566.813860958,29912216.218700603,2.6165690523225873,-1.0,2207.949951171875,2081.502197265625,1776.563720703125,0.9413219086559693,0.8840100586667735,0.001105817724460263,2310712.0,0.1,0.7,0.2,15.0,2.0,0.0,9.366666666666667,30.0,720,1280,real
950536e29768,C:\Users\bperr\Desktop\frame-truth\frametruth_training\data\raw_videos\950536e29768.mp4,0.351735297446134,0.09957419639406896,1.0,1.0,101.16450644662648,81.90487534084141,177.57240270437768,0.6401327632442015,0.32355260848999023,0.5,2.1263267993927,0.4702943733725391,4.702064037322998,2.1263267993927,0.0,1.0,0.0,0,0,14098228.162867358,14376812.845991232,32323507.497202724,2.3044814972922842,-1.0,2484.777587890625,2082.8369140625,1983.0556640625,0.9513621446092827,0.7866406358027265,0.0026298371683781577,1621832.0,0.1,0.7,0.2,15.0,2.0,0.0,9.966666666666667,30.0,720,1280,real
7d04032e735e,C:\Users\bperr\Desktop\frame-truth\frametruth_training\data\raw_videos\7d04032e735e.mp4,0.2719932004321869,0.02285931000157629,1.0,1.0,78.17808682647988,82.79334531892543,179.8741439603957,3.6181095750844308,0.8758034110069275,0.5,1.607064127922058,0.6222523173612784,10.565505981445312,1.607064127922058,0.0,1.0,0.0,0,0,15280141.02168893,12447325.433875676,24980216.358889207,1.6353149499712818,-1.0,6516.3984375,5953.2822265625,4974.5439453125,0.9920873852991035,0.9052647944926498,0.0011248139828967756,1816731.0,0.1,0.7,0.2,15.0,2.0,0.0,7.933333333333334,30.0,720,1280,real
acf1428a889d,C:\Users\bperr\Desktop\frame-truth\frametruth_training\data\raw_videos\acf1428a889d.mp4,0.2566252726214346,0.009268018930006785,1.0,1.0,75.90584907393652,79.82896987834596,179.3798952852293,1.7613790680646568,0.9100786447525024,0.5,0.8084985017776489,1.2368591419058375,6.357761859893799,0.8084985017776489,0.0,0.0,0.5,3,3,10923530.059510646,11126885.621843912,29830652.88578639,2.728874671683025,-1.0,1933.470458984375,2268.534423828125,2492.3761596679688,0.7453048707313759,0.7219180894665413,0.0008457835849270986,2310962.0,0.1,0.7,0.2,15.0,2.0,0.0,8.2,30.0,720,1280,real
4edfcfd3b53c,C:\Users\bperr\Desktop\frame-truth\frametruth_training\data\raw_videos\4edfcfd3b53c.mp4,0.31524856757622477,0.1413242622977928,1.0,1.0,116.07755833622984,72.1268752918677,178.3642561163416,0.5023293686237873,0.4346105456352234,0.5,1.2538655996322632,0.7975330073337007,7.414986610412598,1.2538655996322632,0.0,0.0,0.25,1,1,10220147.620383892,10678136.92592734,25112627.44629941,2.456880332837943,-1.0,1074.1416015625,1155.856201171875,1808.7408447265625,0.9740951335901511,0.880046374319783,0.0059076988408460415,2426273.0,0.1,0.7,0.2,15.0,2.0,0.0,7.966666666666667,60.0,720,1280,real
0668a99c48aa,C:\Users\bperr\Desktop\frame-truth\frametruth_training\data\raw_videos\0668a99c48aa.mp4,0.24933057968791628,0.006244238025961521,1.0,1.0,115.66559443281308,82.80254647396481,179.34969606597113,6.340997025203677,0.5245445966720581,0.5,1.7895596027374268,0.5587963874877083,8.564947128295898,1.7895596027374268,0.0,0.0,0.5,6,6,14231634.094789602,15655514.96008881,35788933.3035606,2.47581186605146,-1.0,4464.9169921875,4229.19384765625,3549.52880859375,0.9752264585589062,0.8932851824935675,0.0008894193935677428,993231.0,0.1,0.7,0.2,15.0,2.0,0.0,24.966666666666665,30.0,720,1280,real
64681f89f68e,C:\Users\bperr\Desktop\frame-truth\frametruth_training\data\raw_videos\64681f89f68e.mp4,0.24974368188248341,0.0069666790201978294,1.0,1.0,91.03784616553322,77.19074628083467,177.6256822125909,0.4020282693354167,0.8326423168182373,0.5,3.126568555831909,0.31983935816643705,9.511602401733398,3.126568555831909,0.0,1.0,0.0,0,0,12421859.45144672,13958797.227886971,31468857.410736024,2.5333901347774854,-1.0,4539.40234375,2718.587890625,1809.5118408203125,0.9367798888370864,0.8535517432642251,0.0015159953494142528,1372748.0,0.1,0.7,0.2,15.0,2.0,0.0,9.342666666666666,29.97002997002997,720,1280,real
5b00d422a90d,C:\Users\bperr\Desktop\frame-truth\frametruth_training\data\raw_videos\5b00d422a90d.mp4,0.34539602568477723,0.110370061524517,1.0,1.0,78.42208787527849,79.63906540434834,179.27693521793228,0.8751768916914491,0.7414267063140869,0.5,2.7968194484710693,0.3575488732380612,4.118764400482178,2.7968194484710693,0.0,0.0,0.25,1,1,13985430.75490439,15658050.691323593,37672481.16299143,2.69323240368435,-1.0,3341.423095703125,2955.43701171875,3440.466552734375,0.8403169232821645,0.8445398061473939,0.0022950970264593324,704721.0,0.1,0.7,0.2,15.0,2.0,0.0,98.5985,29.97002997002997,720,1280,real
5828acdfcebc,C:\Users\bperr\Desktop\frame-truth\frametruth_training\data\raw_videos\5828acdfcebc.mp4,0.3494880783863779,0.09057010469223246,1.0,1.0,90.15725936878492,83.4932796443889,179.2491480665208,2.623137310742676,0.6422452330589294,0.5,3.3401107788085938,0.29939117796731235,4.522866725921631,3.3401107788085938,0.0,0.0,0.5,4,4,11866406.390839752,10103264.676751224,29280284.379138336,2.464902234305382,-1.0,3255.973876953125,2463.19677734375,1883.3536376953125,0.9431461115524298,0.9116317367282117,0.0014222480231366947,882473.0,0.1,0.7,0.2,15.0,2.0,0.0,10.966666666666667,30.0,720,1280,real
796114747d5a,C:\Users\bperr\Desktop\frame-truth\frametruth_training\data\raw_videos\796114747d5a.mp4,0.3626387052033566,0.03238548140166282,1.0,1.0,125.1531469477665,75.41927112982573,179.20209474283027,0.9704691808039241,0.973215639591217,0.5,1.6825116872787476,0.5943491585893323,4.292675971984863,1.6825116872787476,0.0,0.0,0.5,2,2,15397066.173951928,15998788.063529659,38928577.23869563,2.5303278938025673,-1.0,1943.919921875,2056.99853515625,6267.01220703125,0.7937341130280015,0.7225530177581174,0.0007954944245943055,2308335.0,0.1,0.7,0.2,15.0,2.0,0.0,7.366666666666666,30.0,720,1280,real
b7b45df61b0f,C:\Users\bperr\Desktop\frame-truth\frametruth_training\data\raw_videos\b7b45df61b0f.mp4,0.2818970765413118,0.033693911031292545,1.0,1.0,90.10715079012648,86.35115062221716,178.46195242424812,1.3636590581806298,0.6721592545509338,0.5,2.498258590698242,0.40027865948090224,4.9787421226501465,2.498258590698242,0.0,0.0,0.5,2,2,16952147.222341336,14446121.696291175,35042129.77410959,2.0767777611217624,-1.0,4913.29931640625,5281.25830078125,5788.53857421875,0.994246335604649,0.8614287587995899,0.0006995154279587546,2309708.0,0.1,0.7,0.2,15.0,2.0,0.0,9.433333333333334,30.0,720,1280,real
fed8362cb672,C:\Users\bperr\Desktop\frame-truth\frametruth_training\data\raw_videos\fed8362cb672.mp4,0.5487791010750595,0.042921219330457144,1.0,1.0,82.3713736245222,72.49661708067163,171.9323606931952,0.09317278629678344,0.6674436330795288,0.5,1.2649155855178833,0.7905659641505761,2.486238479614258,1.2649155855178833,0.0,0.5714285714285714,0.5,3,7,15680164.562035985,12781132.06983686,31117017.03055932,1.9844770813530543,-1.0,1107.54345703125,1341.98193359375,1427.038330078125,0.9790654048974545,0.7506769488991478,0.010324927260802499,513202.0,0.1,0.7,0.2,15.0,2.0,0.0,8.0,30.0,720,1280,real
787bf482b21b,C:\Users\bperr\Desktop\frame-truth\frametruth_training\data\raw_videos\787bf482b21b.mp4,0.24939217162532867,0.006714828054040055,1.0,1.0,78.6445369151493,85.81926606825637,179.0904287511032,3.8310943895875877,0.9342330098152161,0.5,1.8077539205551147,0.5531723291854882,7.971579074859619,1.8077539205551147,0.0,0.0,0.5,3,3,10574495.724571124,12317644.667884856,33091960.411444735,3.142621487170411,-1.0,4166.70458984375,2719.0703125,2431.515869140625,0.4345452971604194,0.8463296867581478,0.0003566263321825626,1133792.0,0.1,0.7,0.2,15.0,2.0,0.0,38.833333333333336,30.0,720,1280,real
32521b2d8fde,C:\Users\bperr\Desktop\frame-truth\frametruth_training\data\raw_videos\32521b2d8fde.mp4,0.2594249095450739,0.04969408308725462,1.0,1.0,108.83940307611918,80.81432612450499,179.4673687916602,3.114201096699884,1.3202893733978271,0.5,3.079862117767334,0.32468975462939526,6.5573625564575195,3.079862117767334,0.0,0.0,0.5,2,2,13199481.679711945,13877914.413043933,32942341.692842726,2.56370720695843,-1.0,3717.533935546875,2864.9140625,3602.0859375,0.8687697497661424,0.8039301060100172,0.0011024346406400655,3441576.0,0.1,0.7,0.2,15.0,2.0,0.0,18.133333333333333,60.0,720,1280,real
6988c820aa07,C:\Users\bperr\Desktop\frame-truth\frametruth_training\data\raw_videos\6988c820aa07.mp4,0.26705710754053086,0.060167383442022826,1.0,1.0,108.11298350105722,75.21835141218838,179.42204309155272,2.4929710024835954,0.7900335192680359,0.5,3.381596326828003,0.2957182370788119,9.341765403747559,3.381596326828003,0.0,1.0,0.0,0,0,13530978.866854366,11344146.439414922,23297868.04327807,1.714497379764079,-1.0,2341.70947265625,2456.693603515625,2546.484619140625,0.9802872252905177,0.8788155881112225,0.0010001328901926131,1032007.0,0.1,0.7,0.2,15.0,2.0,0.0,30.366666666666667,30.0,720,1280,real
aa8d02f2e279,C:\Users\bperr\Desktop\frame-truth\frametruth_training\data\raw_videos\aa8d02f2e279.mp4,0.25566095705823955,0.010291168852669627,1.0,1.0,114.86509414918014,81.8697447352563,179.13540245798407,2.816042109605971,0.760100781917572,0.5,1.7916260957717896,0.5581518622708842,8.891997337341309,1.7916260957717896,0.0,0.0,0.25,1,1,13780851.05565878,16312887.845985016,37138732.66400771,2.6952366484911088,-1.0,4197.9013671875,3888.68994140625,4159.408203125,0.9506770224914737,0.8475556093269703,0.0007011061073647926,3043870.0,0.1,0.7,0.2,15.0,2.0,0.0,28.916666666666668,60.0,720,1280,real
eca958a86134,C:\Users\bperr\Desktop\frame-truth\frametruth_training\data\raw_videos\eca958a86134.mp4,0.2563038578826844,0.013353414527866246,1.0,1.0,103.45080111194852,85.75792351384595,179.74769584282708,3.8262574693738722,0.4191163182258606,0.5,3.8444771766662598,0.2601133246299632,8.615862846374512,3.8444771766662598,0.0,0.0,0.5,3,3,13542924.247152444,16448761.324119752,35589103.29908228,2.662918313924727,-1.0,4187.1591796875,4032.8720703125,4117.59521484375,0.9884550486627576,0.8875272844196931,0.000740501566328386,3463185.0,0.1,0.7,0.2,15.0,2.0,0.0,21.883333333333333,60.0,720,1280,real
a22d8bf6bb0d,C:\Users\bperr\Desktop\frame-truth\frametruth_training\data\raw_videos\a22d8bf6bb0d.mp4,0.47596159183750064,0.09132042643479683,1.0,1.0,97.76193251954585,71.75752687549482,178.10763958750974,0.5668619088965696,0.3153430223464966,0.5,0.663092315196991,1.508083367878503,2.2992279529571533,0.663092315196991,0.0,0.30000000000000004,0.5,7,10,10427349.086664692,11524257.713595804,29585216.988162927,2.844070701621421,-1.0,703.024658203125,1145.6417236328125,1509.2646484375,0.983259885145157,0.9344318385528927,0.013644989804309646,709634.0,0.1,0.7,0.2,15.0,2.0,0.0,13.6,30.0,720,1280,real
3daad1c64a12,C:\Users\bperr\Desktop\frame-truth\frametruth_training\data\raw_videos\3daad1c64a12.mp4,0.42240366242055183,0.03332614279944021,1.0,1.0,75.05593869850814,63.236714435568445,177.12148065745828,0.09887952370608066,0.4581451416015625,0.5,1.7954554557800293,0.5569614327213265,1.2338650226593018,1.7954554557800293,0.0,0.0,0.5,4,4,11518881.72072724,13559963.810993738,32319053.584116742,2.8097681590814108,-1.0,1444.052001953125,521.994140625,393.99444580078125,0.8096524105492042,0.7643460211900633,0.002719264105032834,870695.0,0.1,0.7,0.2,15.0,2.0,0.0,8.75875,23.976023976023978,720,1280,real
69e052c9ea2d,C:\Users\bperr\Desktop\frame-truth\frametruth_training\data\raw_videos\69e052c9ea2d.mp4,0.2595004756241426,0.019010337436331456,1.0,1.0,117.00082196686694,79.60234064736606,178.41656820881667,1.1942296603019449,1.1730303764343262,0.5,2.2553679943084717,0.44338642702083175,3.970729112625122,2.2553679943084717,0.0,0.0,0.5,3,3,13184978.491936782,13428821.646648621,33264672.233269192,2.5128177595176417,-1.0,2621.82958984375,2611.64892578125,2476.617431640625,0.9770712826165655,0.8594842763301013,0.0009618974921763794,969573.0,0.1,0.7,0.2,15.0,2.0,0.0,9.833333333333334,30.0,720,1280,real
639dfbb60040,C:\Users\bperr\Desktop\frame-truth\frametruth_training\data\raw_videos\639dfbb60040.mp4,0.44279302470280557,0.03560236380794636,1.0,1.0,95.05739038693939,82.0418539065381,179.04474830719437,1.34865437310945,0.781293511390686,0.5,1.4179092645645142,0.7052632490160667,5.828049182891846,1.4179092645645142,0.0,1.0,0.0,0,0,13256182.668446552,12745340.08979431,27604760.182913765,2.0819504821989616,-1.0,3013.70361328125,2717.3203125,2811.840087890625,0.9239982669597648,0.8663272734167669,0.0028444199921193423,2310728.0,0.1,0.7,0.2,15.0,2.0,0.0,17.933333333333334,30.0,720,1280,real
25accc1384d4,C:\Users\bperr\Desktop\frame-truth\frametruth_training\data\raw_videos\25accc1384d4.mp4,0.3002466305224111,0.09725748804621401,1.0,1.0,126.81490728964825,69.03874147235199,178.6305501074026,1.3078304620753765,0.9890807867050171,0.5,0.4491260349750519,2.2265415397573385,4.256230354309082,0.4491260349750519,0.0,0.0,0.25,1,1,12059784.853470258,10824020.379811406,28856965.93374379,2.3927802402995173,-1.0,3089.96923828125,2445.12158203125,2151.36572265625,0.9218745731953129,0.9603452857644063,0.005438422137570403,1252399.0,0.1,0.7,0.2,15.0,2.0,0.0,26.826800000000002,29.97002997002997,720,1280,real
83c5085bc65a,C:\Users\bperr\Desktop\frame-truth\frametruth_training\data\raw_videos\83c5085bc65a.mp4,0.31924603932541495,0.07426199510688208,1.0,1.0,85.59561936371975,77.61757027269593,177.12969647764615,0.813464789522449,1.100049614906311,0.5,2.439823627471924,0.4098655242430974,2.7257907390594482,2.439823627471924,0.0,1.0,0.0,0,0,14150734.79119489,13076298.000793226,32388239.930094846,2.2741835739054785,-1.0,3881.9248046875,4035.4765625,3353.64892578125,0.9704656851288704,0.9384410650257526,0.0006795044224965981,1121934.0,0.1,0.7,0.2,15.0,2.0,0.0,11.433333333333334,30.0,720,1280,real
3bf271b57447,C:\Users\bperr\Desktop\frame-truth\frametruth_training\data\raw_videos\3bf271b57447.mp4,0.3000456903537809,0.03583615261598558,1.0,1.0,102.11464372063405,84.99071277318436,179.1352099242071,2.7707355157563196,0.5030031204223633,0.5,0.7744616866111755,1.291217791751479,3.558318614959717,0.7744616866111755,0.0,0.09999999999999998,0.5,9,10,9088103.09798476,12514922.09837576,34979849.33776558,4.005620195582444,-1.0,0.0,0.0,0.0,0.0,0.0,1000000.0,1002960.0,0.1,0.7,0.2,15.0,2.0,0.0,9.1,30.0,720,1280,real
b8aff424180c,C:\Users\bperr\Desktop\frame-truth\frametruth_training\data\raw_videos\b8aff424180c.mp4,0.3242502971657094,0.06873893374940866,1.0,1.0,81.100520790656,76.66595569926868,177.22848406373308,0.2394811503477118,1.5683549205448966,0.5,0.2745039463043213,3.6429216065614405,1.3593339920043945,0.2745039463043213,0.0,0.0,0.5,2,2,11754500.949623704,11915406.580024997,30743113.038743816,2.6166728689627425,-1.0,2304.267333984375,2001.403076171875,1619.590087890625,0.9946859807620626,0.9111551050636658,0.0034519494894170296,835535.0,0.1,0.7,0.2,15.0,2.0,0.0,12.166666666666666,30.0,720,1280,real
aaa21e7cd316,C:\Users\bperr\Desktop\frame-truth\frametruth_training\data\raw_videos\aaa21e7cd316.mp4,0.4274993899396076,0.117999899899542,1.0,1.0,91.26646119795215,79.8697348767609,179.69386495694698,1.4551554578190653,1.015687346458435,0.5,2.4920132160186768,0.4012818199719713,3.7653579711914062,2.4920132160186768,0.0,0.0,0.5,4,4,14226706.874012036,17537925.182531025,44959878.64953518,3.1617522864338596,-1.0,3856.939208984375,3107.76025390625,2449.748779296875,0.9157082391992091,0.8373785726018463,0.0007669339133380852,996910.0,0.1,0.7,0.2,15.0,2.0,0.0,73.9,30.0,720,1280,real
b0a4cca2ce11,C:\Users\bperr\Desktop\frame-truth\frametruth_training\data\raw_videos\b0a4cca2ce11.mp4,0.2944788558856052,0.1276294704235314,1.0,1.0,78.98236525786626,83.94996203179323,178.11008082247736,2.8782747496812644,0.8347300291061401,0.5,4.050232887268066,0.24689932182521748,5.847971439361572,4.050232887268066,0.0,0.0,0.25,1,1,8877762.351203475,9073956.900988549,22714168.822273627,2.567703691041995,-1.0,786.2987899780273,819.0943984985352,1760.9592895507812,0.7273316195561559,0.7157609022251765,0.0012458431790217342,1031063.0,0.1,0.7,0.2,15.0,2.0,0.0,13.046366666666668,29.97002997002997,720,1280,real
5f5e81420fca,C:\Users\bperr\Desktop\frame-truth\frametruth_training\data\raw_videos\5f5e81420fca.mp4,0.24939134355807852,0.02357835674172171,1.0,1.0,82.9568363669096,72.81894780367764,174.80210490904284,0.953055492726728,0.12435254454612732,0.5,0.9805570840835571,1.0198273985315347,2.959196090698242,0.9805570840835571,0.0,0.0,0.25,1,1,7101908.951441247,7478331.284153102,18074500.487913013,2.3259678729145232,-1.0,251.01853942871094,135.50506591796875,82.08698272705078,0.9368144292982385,0.8890892567806776,0.00443158238919146,804355.0,0.1,0.7,0.2,15.0,2.0,0.0,21.533333333333335,30.0,720,1280,real
