video_id,video_path,prnu_mean_corr,prnu_std_corr,prnu_positive_ratio,prnu_consistency_score,trajectory_curvature_mean,trajectory_curvature_std,trajectory_max_curvature,trajectory_mean_distance,flow_jitter_index,flow_bg_fg_ratio,flow_patch_variance,flow_smoothness_score,flow_global_mean,flow_global_std,ocr_char_error_rate,ocr_frame_stability,ocr_mutation_rate,ocr_unique_string_count,ocr_total_detections,freq_low_power_mean,freq_mid_power_mean,freq_high_power_mean,freq_high_low_ratio_mean,freq_spectrum_slope_mean,noise_variance_r_mean,noise_variance_g_mean,noise_variance_b_mean,cross_channel_corr_rg_mean,spatial_autocorr_mean,temporal_noise_consistency,avg_bitrate,i_frame_ratio,p_frame_ratio,b_frame_ratio,gop_length_mean,gop_length_std,double_compression_score,duration_seconds,fps,resolution_width,resolution_height,label,i_frame_ratio_x_p_frame_ratio,i_frame_ratio_div_p_frame_ratio,i_frame_ratio_x_b_frame_ratio,i_frame_ratio_div_b_frame_ratio,i_frame_ratio_x_ocr_frame_stability,i_frame_ratio_x_ocr_mutation_rate,p_frame_ratio_x_b_frame_ratio,p_frame_ratio_div_b_frame_ratio,p_frame_ratio_x_ocr_frame_stability,p_frame_ratio_x_ocr_mutation_rate,b_frame_ratio_x_ocr_frame_stability,b_frame_ratio_x_ocr_mutation_rate,ocr_frame_stability_x_ocr_mutation_rate,i_frame_ratio_squared,i_frame_ratio_sqrt,p_frame_ratio_squared,p_frame_ratio_sqrt,b_frame_ratio_squared,b_frame_ratio_sqrt,prnu_mean,prnu_std,trajectory_mean,trajectory_std,flow_mean,flow_std,ocr_mean,ocr_std,freq_mean,freq_std,noise_mean,noise_std
f7a4b4c44bbd,C:\Users\bperr\Desktop\frame-truth\frametruth_training\data\raw_videos\f7a4b4c44bbd.mp4,0.2537679155800511,0.0186266667021616,1.0,1.0,90.8651637103578,76.18714425461256,176.81655522724546,1.3290998276475654,0.8496569395065308,0.5,3.338320016860962,0.2995517791576271,6.634563446044922,3.338320016860962,0.0,1.0,0.0,0,0,8734279.101009037,9791650.144845195,22395816.842990525,2.5471894585766366,-1.0,1079.33447265625,1259.6656494140625,1841.6595458984373,0.9179151452180138,0.6522660372079369,0.0041806841829791,2316740.0,0.1,0.7,0.2,15.0,2.0,0.0,14.7,30.0,720,1280,AI,0.06999999999999999,0.14285714081632656,0.020000000000000004,0.49999997500000126,0.1,0.0,0.13999999999999999,3.4999998250000086,0.7,0.0,0.2,0.0,0.0,0.010000000000000002,0.31622776601683794,0.48999999999999994,0.8366600265340756,0.04000000000000001,0.4472135954999579,0.5680986455705532,0.5078716449700946,86.29949075496584,71.96390580538488,2.4934020330718343,2.4521630933374796,0.2,0.44721359549995804,8184349.527206844,9203515.226812815,1045.1659621632332,768.9696095719747
582b6a6b7ab8,C:\Users\bperr\Desktop\frame-truth\frametruth_training\data\raw_videos\582b6a6b7ab8.mp4,0.3371649550027565,0.0873729821159286,1.0,1.0,84.92227353506281,78.10307676071514,177.56719207004673,0.2277078551342629,0.5870934724807739,0.5,0.6259098649024963,1.5976715792523888,1.5899111032485962,0.6259098649024963,0.0,1.0,0.0,0,0,12605840.314126767,12276148.26051638,29994830.676766656,2.378609757174377,-1.0,2340.037353515625,2395.91748046875,3209.787109375,0.852801292386459,0.8520656143706983,0.0108341210824094,932090.0,0.1,0.7,0.2,15.0,2.0,0.0,10.0,30.0,704,1280,AI,0.06999999999999999,0.14285714081632656,0.020000000000000004,0.49999997500000126,0.1,0.0,0.13999999999999999,3.4999998250000086,0.7,0.0,0.2,0.0,0.0,0.010000000000000002,0.31622776601683794,0.48999999999999994,0.8366600265340756,0.04000000000000001,0.4472135954999579,0.6061344842796712,0.4660894737972917,85.20506255523973,72.57738847187665,0.9210826474644586,0.5231094329138463,0.2,0.44721359549995804,10975364.126003912,12318764.193045944,1986.4381943701144,1382.652267260503
e0ae7458fb50,C:\Users\bperr\Desktop\frame-truth\frametruth_training\data\raw_videos\e0ae7458fb50.mp4,0.5940427162722428,0.217861676699948,1.0,1.0,49.93281428802819,67.84184197682875,177.1653144941569,0.6822135216278052,0.905584156513214,0.5,0.9689165353775024,1.0320795769377704,0.9981909990310668,0.9689165353775024,0.0,1.0,0.0,0,0,9156982.922629597,9922701.741905116,21435912.73583097,2.393634317922007,-1.0,993.708465576172,1065.3489990234375,615.013427734375,0.4782288514516143,0.4254606747057459,0.0010041020357344,1019348.0,0.1,0.7,0.2,15.0,2.0,0.0,12.0,30.0,720,1280,AI,0.06999999999999999,0.14285714081632656,0.020000000000000004,0.49999997500000126,0.1,0.0,0.13999999999999999,3.4999998250000086,0.7,0.0,0.2,0.0,0.0,0.010000000000000002,0.31622776601683794,0.48999999999999994,0.8366600265340756,0.04000000000000001,0.4472135954999579,0.7029760982430477,0.375787564157615,73.90554607016041,74.46631583232765,0.8956146338728427,0.19824291100526403,0.2,0.44721359549995804,8103119.7588,8853049.641155148,668.5179741090051,487.5111601270787
b51fdcd68471,C:\Users\bperr\Desktop\frame-truth\frametruth_training\data\raw_videos\b51fdcd68471.mp4,0.5513602678739702,0.1051958527167501,1.0,1.0,115.57061151306924,72.48062282972981,179.2113514316704,0.7973050310877994,0.5535744428634644,0.5,0.8241989612579346,1.213297800298062,1.759364366531372,0.8241989612579346,0.0,1.0,0.0,0,0,15668706.94386969,10427496.580020333,20457206.55770504,1.311401587990523,-1.0,8049.4296875,7273.98974609375,5173.6044921875,0.9883390107268056,0.9406596027016784,0.0015182403808134,744482.0,0.1,0.7,0.2,15.0,2.0,0.0,8.0,30.0,720,1280,AI,0.06999999999999999,0.14285714081632656,0.020000000000000004,0.49999997500000126,0.1,0.0,0.13999999999999999,3.4999998250000086,0.7,0.0,0.2,0.0,0.0,0.010000000000000002,0.31622776601683794,0.48999999999999994,0.8366600265340756,0.04000000000000001,0.4472135954999579,0.66413903014768,0.4284630310605789,92.01497270138931,74.96739358685417,0.9457724220347945,0.47235457021351956,0.2,0.44721359549995804,9310682.07859933,9209972.292575926,5124.256361005408,3625.760405241491
98b796bb0b62,C:\Users\bperr\Desktop\frame-truth\frametruth_training\data\raw_videos\98b796bb0b62.mp4,0.6092283332649826,0.056388419688754,1.0,1.0,105.29907255845367,83.23069034056807,179.3807864717244,0.7994220503672639,0.8058131337165833,0.5,1.131900191307068,0.8834693413876927,1.131844401359558,1.131900191307068,0.0,1.0,0.0,0,0,10568432.378567023,12335597.383804616,28014315.854692355,2.662918429488108,-1.0,1492.9879150390625,1691.83447265625,795.6478271484375,0.9400537826438748,0.7989516817290492,0.0048784151403782,968563.0,0.1,0.7,0.2,15.0,2.0,0.0,5.5,30.0,720,1280,AI,0.06999999999999999,0.14285714081632656,0.020000000000000004,0.49999997500000126,0.1,0.0,0.13999999999999999,3.4999998250000086,0.7,0.0,0.2,0.0,0.0,0.010000000000000002,0.31622776601683794,0.48999999999999994,0.8366600265340756,0.04000000000000001,0.4472135954999579,0.6664041882384342,0.4464529267910628,92.17749285527835,73.49963122521422,0.9308212098463283,0.254853671935242,0.2,0.44721359549995804,10183669.455996484,11512221.773154477,995.1187733147226,766.6652398922174
35451c6c35bc,C:\Users\bperr\Desktop\frame-truth\frametruth_training\data\raw_videos\35451c6c35bc.mp4,0.3823960559813613,0.0951797094953669,1.0,1.0,90.69698425309666,78.02797788129813,179.07534460239205,0.7653850271901509,0.6207388639450073,0.5,2.150794982910156,0.4649441453051906,4.0487470626831055,2.150794982910156,0.0,1.0,0.0,0,0,10695789.545576643,12515948.22181782,31310022.685740776,2.9320113105335257,-1.0,1667.889404296875,1673.8446044921875,2961.20556640625,0.7763570555336945,0.822343411892361,0.00311819873567,3457900.0,0.1,0.7,0.2,15.0,2.0,0.0,9.6,60.0,720,1280,AI,0.06999999999999999,0.14285714081632656,0.020000000000000004,0.49999997500000126,0.1,0.0,0.13999999999999999,3.4999998250000086,0.7,0.0,0.2,0.0,0.0,0.010000000000000002,0.31622776601683794,0.48999999999999994,0.8366600265340756,0.04000000000000001,0.4472135954999579,0.619393941369182,0.45485913655047244,87.14142294099426,73.04875717590083,1.6560033396256024,1.417151955505583,0.2,0.44721359549995804,10904352.47702931,12814463.310646556,1575.7356733485121,1213.8887349377235
997f8f8a4665,C:\Users\bperr\Desktop\frame-truth\frametruth_training\data\raw_videos\997f8f8a4665.mp4,0.6237674044124877,0.1032581349229663,1.0,1.0,49.22224908506644,71.99017127834138,177.71920805383863,0.5226701613651134,0.3150981068611145,0.5,0.110190562903881,9.075104968538191,0.566288948059082,0.110190562903881,0.0,1.0,0.0,0,0,12629641.097078348,10630384.322315527,25653105.85829433,2.0345089224852773,-1.0,3848.9931640625,4475.66845703125,4917.7109375,0.9916309672050164,0.8636647012813617,0.0006579367958711,1220379.0,0.1,0.7,0.2,15.0,2.0,0.0,10.0,30.0,704,1280,AI,0.06999999999999999,0.14285714081632656,0.020000000000000004,0.49999997500000126,0.1,0.0,0.13999999999999999,3.4999998250000086,0.7,0.0,0.2,0.0,0.0,0.010000000000000002,0.31622776601683794,0.48999999999999994,0.8366600265340756,0.04000000000000001,0.4472135954999579,0.6817563848338635,0.42449222379540535,74.86357464465289,74.76983666951166,1.779478858211025,3.579176275597891,0.2,0.44721359549995804,9782626.462439425,10631272.768816318,3310.5933041326366,2250.1944566044745
3b7c6d4c21b7,C:\Users\bperr\Desktop\frame-truth\frametruth_training\data\raw_videos\3b7c6d4c21b7.mp4,0.8223935042850533,0.0639943312521869,1.0,1.0,118.92124804657612,47.446106997058735,174.46921354095142,0.1362127765105055,0.3124992251396179,0.5,0.6459190845489502,1.5481791384429635,0.7202855348587036,0.6459190845489502,0.0,1.0,0.0,0,0,11894479.528063264,10931744.382286713,23772315.158945605,1.9990220306389743,-1.0,2450.6083984375,2448.9951171875,2034.4547119140625,0.9628117479906244,0.9091572076970872,0.0010493075257399,1005460.0,0.1,0.7,0.2,15.0,2.0,0.0,10.1,30.0,704,1280,AI,0.06999999999999999,0.14285714081632656,0.020000000000000004,0.49999997500000126,0.1,0.0,0.13999999999999999,3.4999998250000086,0.7,0.0,0.2,0.0,0.0,0.010000000000000002,0.31622776601683794,0.48999999999999994,0.8366600265340756,0.04000000000000001,0.4472135954999579,0.7215969588843101,0.4463248689905617,85.2431953402742,76.95737332309284,0.7288003445898642,0.42681352745029666,0.2,0.44721359549995804,9319708.013663523,9897220.054132534,1733.5148192116471,1172.1447674562928
d93a7316287c,C:\Users\bperr\Desktop\frame-truth\frametruth_training\data\raw_videos\d93a7316287c.mp4,0.7907140809998565,0.0672876991286278,1.0,1.0,92.96750931851196,73.13454824924555,178.41424552192896,0.1267281289479434,0.2369959354400634,0.5,0.6345565915107727,1.5759010897957608,0.8188972473144531,0.6345565915107727,0.0,1.0,0.0,0,0,12225606.163435036,10919817.56195517,27173529.48445931,2.2227559208653243,-1.0,7232.23828125,7755.2919921875,7132.974609375,0.9766385545119362,0.97521254515527,0.0062196418858556,667049.0,0.1,0.7,0.2,15.0,2.0,0.0,10.0,30.0,700,1012,AI,0.06999999999999999,0.14285714081632656,0.020000000000000004,0.49999997500000126,0.1,0.0,0.13999999999999999,3.4999998250000086,0.7,0.0,0.2,0.0,0.0,0.010000000000000002,0.31622776601683794,0.48999999999999994,0.8366600265340756,0.04000000000000001,0.4472135954999579,0.7145004450321211,0.44261075771723557,86.16075780465862,73.32251645934895,0.7334845759286371,0.45553274674868977,0.2,0.44721359549995804,10063790.88652109,11188265.406827662,5530.127775613597,3696.8409198684176
67ddd08ca6ef,C:\Users\bperr\Desktop\frame-truth\frametruth_training\data\raw_videos\67ddd08ca6ef.mp4,0.7569032639326179,0.0635143463185423,1.0,1.0,51.79004361423046,79.94243883663147,178.726421300719,1.451751256193014,0.2404279112815857,0.5,0.4391027092933655,2.277366323343672,0.8191787600517273,0.4391027092933655,0.0,1.0,0.0,0,0,13606211.073446851,12254584.84218764,28746925.461262915,2.120499183252074,-1.0,0.0,0.0,0.0,0.0,0.0,1000000.0,1009623.0,0.1,0.7,0.2,15.0,2.0,0.0,8.0,24.0,720,1280,AI,0.06999999999999999,0.14285714081632656,0.020000000000000004,0.49999997500000126,0.1,0.0,0.13999999999999999,3.4999998250000086,0.7,0.0,0.2,0.0,0.0,0.010000000000000002,0.31622776601683794,0.48999999999999994,0.8366600265340756,0.04000000000000001,0.4472135954999579,0.7051044025627901,0.44281213062516916,77.97766375194348,74.60156213855886,0.7858630688772861,0.754373195786963,0.2,0.44721359549995804,10921544.49947932,11887902.271158269,250000.0,500000.0
7aaec7573a7c,C:\Users\bperr\Desktop\frame-truth\frametruth_training\data\raw_videos\7aaec7573a7c.mp4,0.2892746691916723,0.116521578643596,1.0,1.0,121.29228166206244,70.8569516492764,179.01194796568333,2.5576982669648984,1.1526238918304443,0.5,2.246978998184204,0.4450417897836674,4.524324417114258,2.246978998184204,0.0,1.0,0.0,0,0,12481715.364705987,12086172.890301252,27214774.55583691,2.162423866724094,-1.0,4330.61572265625,4881.70263671875,5192.77001953125,0.9765435453623836,0.9320377237160602,0.0007717382512627,1150598.0,0.1,0.7,0.2,15.0,2.0,0.0,15.866666666666667,30.0,698,1280,AI,0.06999999999999999,0.14285714081632656,0.020000000000000004,0.49999997500000126,0.1,0.0,0.13999999999999999,3.4999998250000086,0.7,0.0,0.2,0.0,0.0,0.010000000000000002,0.31622776601683794,0.48999999999999994,0.8366600265340756,0.04000000000000001,0.4472135954999579,0.6014490619588171,0.4655796444580252,93.42971988599676,74.98420787251818,1.852658015849463,1.532964080230365,0.2,0.44721359549995804,10356532.794653602,11249709.885938685,3601.272287661125,2427.1701826683893
4b8a9c1c02be,C:\Users\bperr\Desktop\frame-truth\frametruth_training\data\raw_videos\4b8a9c1c02be.mp4,0.3528134494714872,0.1485233362783592,1.0,1.0,89.7766000444122,79.40717932586543,178.21868164258836,0.7912553100932083,0.7901652455329895,0.5,3.1126058101654053,0.3212741155529565,3.972510576248169,3.1126058101654053,0.0,1.0,0.0,0,0,13595148.70393141,14760008.408369372,31954658.2155793,2.343379251119027,-1.0,2914.896484375,2759.17333984375,3867.373046875,0.8120060043129858,0.8483178491926491,0.0022397178867671,2590658.0,0.1,0.7,0.2,15.0,2.0,0.0,8.9,60.0,720,1280,AI,0.06999999999999999,0.14285714081632656,0.020000000000000004,0.49999997500000126,0.1,0.0,0.13999999999999999,3.4999998250000086,0.7,0.0,0.2,0.0,0.0,0.010000000000000002,0.31622776601683794,0.48999999999999994,0.8366600265340756,0.04000000000000001,0.4472135954999579,0.6253341964374616,0.4405924354816217,87.04842908073981,72.61346659703045,1.9681935929441543,1.6057603927167008,0.2,0.44721359549995804,12061963.334251868,13194045.065743264,2385.3612777029093,1663.975121705917
f9d5db495ad4,C:\Users\bperr\Desktop\frame-truth\frametruth_training\data\raw_videos\f9d5db495ad4.mp4,0.756004729471424,0.0674178683856769,1.0,1.0,91.68050739399828,81.87901741549264,178.6489662184889,0.4970349425866079,0.7221270203590393,0.5,0.5537037253379822,1.8060167346225888,1.0255095958709717,0.5537037253379822,0.0,1.0,0.0,0,0,13493189.795666397,15174075.175276505,40197278.41550162,2.980077648912878,-1.0,2855.29248046875,3926.737548828125,4781.4873046875,0.921617612470823,0.7192037134484791,0.0025495801779831,2304214.0,0.1,0.7,0.2,15.0,2.0,0.0,10.0,30.0,720,1280,AI,0.06999999999999999,0.14285714081632656,0.020000000000000004,0.49999997500000126,0.1,0.0,0.13999999999999999,3.4999998250000086,0.7,0.0,0.2,0.0,0.0,0.010000000000000002,0.31622776601683794,0.48999999999999994,0.8366600265340756,0.04000000000000001,0.4472135954999579,0.7058556494642753,0.44089285487455054,88.17638149264161,72.85806313436416,0.8601768002547607,0.5017139972574245,0.2,0.44721359549995804,13772909.073304433,16429202.647972776,2890.8799708911383,2082.133180730293
569e25366fc6,C:\Users\bperr\Desktop\frame-truth\frametruth_training\data\raw_videos\569e25366fc6.mp4,0.3292477526319926,0.0182404515019055,1.0,1.0,61.17707695113014,73.02055112463508,178.39138524156198,0.3738724116642722,0.957539200782776,0.5,0.8706203699111938,1.1486049327068588,4.096439361572266,0.8706203699111938,0.0,1.0,0.0,0,0,15857006.451612644,13877420.765320398,29741639.588304475,1.8755170522735247,-1.0,4754.8671875,6738.935546875,7916.0185546875,0.9347828456168866,0.93343805877205,0.0219349187180219,707390.0,0.1,0.7,0.2,15.0,2.0,0.0,8.0,24.0,640,640,AI,0.06999999999999999,0.14285714081632656,0.020000000000000004,0.49999997500000126,0.1,0.0,0.13999999999999999,3.4999998250000086,0.7,0.0,0.2,0.0,0.0,0.010000000000000002,0.31622776601683794,0.48999999999999994,0.8366600265340756,0.04000000000000001,0.4472135954999579,0.5868720510334745,0.49364683041869206,78.24072143224785,73.96354908299782,1.4073040391473814,1.3341605421326355,0.2,0.44721359549995804,11895213.536150914,12461059.954431001,4852.460805995304,3488.068259053767
25ca3f8eb1c8,C:\Users\bperr\Desktop\frame-truth\frametruth_training\data\raw_videos\25ca3f8eb1c8.mp4,0.4666067339721657,0.2920378712823882,1.0,1.0,65.5114281168393,82.80916348584714,178.87556180682347,1.0378133427964378,1.1732944250106812,0.5,3.97502875328064,0.2515704440135795,9.022272109985352,3.97502875328064,0.0,1.0,0.0,0,0,12652150.588715993,14886354.60707326,33271852.34020152,2.637743326031594,-1.0,2214.093994140625,1849.2080078125,3487.234375,0.62914443573501,0.8102836174918606,0.0011538877319559,3462660.0,0.1,0.7,0.2,15.0,2.0,0.0,14.166666666666666,60.0,720,1280,AI,0.06999999999999999,0.14285714081632656,0.020000000000000004,0.49999997500000126,0.1,0.0,0.13999999999999999,3.4999998250000086,0.7,0.0,0.2,0.0,0.0,0.010000000000000002,0.31622776601683794,0.48999999999999994,0.8366600265340756,0.04000000000000001,0.4472135954999579,0.6896611513136385,0.36536645892688197,82.05849168807657,73.51250280708771,3.1495324142618153,3.3219175826796903,0.2,0.44721359549995804,12162071.834746819,13684997.895392144,1887.6343827102141,1441.0565344070008
216323558223,C:\Users\bperr\Desktop\frame-truth\frametruth_training\data\raw_videos\216323558223.mp4,0.2799075890695289,0.0348288253205796,1.0,1.0,93.31983677169003,70.8966398202125,177.38849006469573,0.4385781667674733,0.6561188101768494,0.5,1.3583688735961914,0.7361765152760407,5.601265907287598,1.3583688735961914,0.0,1.0,0.0,0,0,13957908.422517054,13987516.624166869,32992284.523175854,2.3684395630483763,-1.0,3832.70166015625,4216.73583984375,3588.1982421875,0.9733386634735272,0.8558215503782192,0.0021640121456958,2256162.0,0.1,0.7,0.2,15.0,2.0,0.0,15.0,30.0,704,1280,AI,0.06999999999999999,0.14285714081632656,0.020000000000000004,0.49999997500000126,0.1,0.0,0.13999999999999999,3.4999998250000086,0.7,0.0,0.2,0.0,0.0,0.010000000000000002,0.31622776601683794,0.48999999999999994,0.8366600265340756,0.04000000000000001,0.4472135954999579,0.5786841035975271,0.4966756615961882,85.51088620584143,72.92312754378038,1.7017164966554785,1.9448354841696927,0.2,0.44721359549995804,12187542.187659867,13567274.450133372,2909.4094765499112,1956.781011003844
e0c43afab2b7,C:\Users\bperr\Desktop\frame-truth\frametruth_training\data\raw_videos\e0c43afab2b7.mp4,0.4553819951918247,0.1555592686939838,1.0,1.0,83.425046960935,75.62413064281733,177.1197502769894,0.3111231667084885,0.5875299572944641,0.5,1.7457276582717896,0.5728267077828494,4.408918380737305,1.7457276582717896,0.0,1.0,0.0,0,0,12468974.456828646,16113073.6375888,39803751.58777392,3.1912949320005417,-1.0,2124.6826171875,1661.84765625,1878.07666015625,0.9696081136645054,0.8763981336723561,0.0042788709019397,2062385.0,0.1,0.7,0.2,15.0,2.0,0.0,9.4,30.0,720,1280,AI,0.06999999999999999,0.14285714081632656,0.020000000000000004,0.49999997500000126,0.1,0.0,0.13999999999999999,3.4999998250000086,0.7,0.0,0.2,0.0,0.0,0.010000000000000002,0.31622776601683794,0.48999999999999994,0.8366600265340756,0.04000000000000001,0.4472135954999579,0.6527353159714522,0.41925246044044007,84.12001276186257,72.44663356223069,1.5934550603930326,1.49816014582075,0.2,0.44721359549995804,13677160.374697262,16310437.815557605,1416.1528031161629,962.8483353587318
53f12045f875,C:\Users\bperr\Desktop\frame-truth\frametruth_training\data\raw_videos\53f12045f875.mp4,0.4047930373172889,0.0545521772073311,1.0,1.0,103.48276367981552,77.09939974717533,178.85196299314288,0.6032421179729527,0.7478394508361816,0.5,2.3256781101226807,0.4299819332974313,3.920164585113525,2.3256781101226807,0.0,1.0,0.0,0,0,14958598.662976578,14500938.630601283,34396650.84442511,2.2994000724147607,-1.0,9035.681640625,7774.17919921875,6242.7666015625,0.9985467097949688,0.9755874198175032,0.0010299954738491,1841846.0,0.1,0.7,0.2,15.0,2.0,0.0,9.999555555555556,29.801324503311257,704,1280,AI,0.06999999999999999,0.14285714081632656,0.020000000000000004,0.49999997500000126,0.1,0.0,0.13999999999999999,3.4999998250000086,0.7,0.0,0.2,0.0,0.0,0.010000000000000002,0.31622776601683794,0.48999999999999994,0.8366600265340756,0.04000000000000001,0.4472135954999579,0.614836303631155,0.4671682858982506,90.00934213452668,73.56326461348222,1.7082236982487498,1.390771498544836,0.2,0.44721359549995804,12771237.88748061,14156658.314629423,5763.157117850431,4008.2257052948044
edf9e29e1733,C:\Users\bperr\Desktop\frame-truth\frametruth_training\data\raw_videos\edf9e29e1733.mp4,0.440307997494279,0.1312976646093051,1.0,1.0,115.28923003711029,82.06525365358927,179.03302097105666,0.5541113230443909,1.2781591415405271,0.5,2.8311760425567627,0.3532099847408079,2.8015329837799072,2.8311760425567627,0.0,1.0,0.0,0,0,14299818.73259908,13944822.38211554,32257155.974200755,2.257326114007063,-1.0,5749.396484375,5514.68701171875,8857.650390625,0.5556242181405608,0.8688978355213026,0.001754317959772,1826523.0,0.1,0.7,0.2,15.0,2.0,0.0,10.066666666666666,30.0,720,1280,AI,0.06999999999999999,0.14285714081632656,0.020000000000000004,0.49999997500000126,0.1,0.0,0.13999999999999999,3.4999998250000086,0.7,0.0,0.2,0.0,0.0,0.010000000000000002,0.31622776601683794,0.48999999999999994,0.8366600265340756,0.04000000000000001,0.4472135954999579,0.6429014155258961,0.4312081048436189,94.23540399620015,74.29265686425677,1.7658756991957947,1.1981860290843234,0.2,0.44721359549995804,12100359.669248298,13298246.857875757,5030.4339102591775,3683.4875644495587
5f0bba235170,C:\Users\bperr\Desktop\frame-truth\frametruth_training\data\raw_videos\5f0bba235170.mp4,0.3536675395130702,0.0718107899160239,1.0,1.0,66.42503487592509,75.47266328923193,176.64156054745976,0.1150613543106717,0.2265804409980774,0.5,0.417064905166626,2.3977025875574283,0.9321516752243042,0.417064905166626,0.0,1.0,0.0,0,0,12224736.468906796,14910359.57403,37554201.8573361,3.0721197227743224,-1.0,3493.349853515625,2887.8681640625,3276.7373046875,0.9417502134692194,0.8925175322967316,0.0028118405111032,2128257.0,0.1,0.7,0.2,15.0,2.0,0.0,8.0,24.0,720,1280,AI,0.06999999999999999,0.14285714081632656,0.020000000000000004,0.49999997500000126,0.1,0.0,0.13999999999999999,3.4999998250000086,0.7,0.0,0.2,0.0,0.0,0.010000000000000002,0.31622776601683794,0.48999999999999994,0.8366600265340756,0.04000000000000001,0.4472135954999579,0.6063695823572735,0.468864314566256,79.66358001673186,72.85949581138075,0.8150940856855103,0.8100418753832732,0.2,0.44721359549995804,12937859.994478522,15371564.456155766,2414.489533526534,1629.032869114396
e4dacf20e1a8,C:\Users\bperr\Desktop\frame-truth\frametruth_training\data\raw_videos\e4dacf20e1a8.mp4,0.6202578136394588,0.0312059372412778,1.0,1.0,73.929139193659,71.69632351034464,175.93890845555913,0.3956434192542193,0.6477951407432556,0.5,0.3903238773345947,2.56196839624644,1.271129846572876,0.3903238773345947,0.0,1.0,0.0,0,0,17925673.849384878,11968093.00102724,24309887.92613637,1.3556697027124782,-1.0,1728.1517333984375,1668.6658935546875,1392.5120849609375,0.9971637996129588,0.8426926444501083,0.0097422978690252,654717.0,0.1,0.7,0.2,15.0,2.0,0.0,7.416666666666667,24.0,720,720,AI,0.06999999999999999,0.14285714081632656,0.020000000000000004,0.49999997500000126,0.1,0.0,0.13999999999999999,3.4999998250000086,0.7,0.0,0.2,0.0,0.0,0.010000000000000002,0.31622776601683794,0.48999999999999994,0.8366600265340756,0.04000000000000001,0.4472135954999579,0.6628659377201842,0.4575764272560639,80.49000364470425,72.21720414177915,0.9602568563719602,0.8510273522940823,0.2,0.44721359549995804,10840731.026443638,10815826.807028938,1197.3348635529828,811.5008898947877
12140b5e80cb,C:\Users\bperr\Desktop\frame-truth\frametruth_training\data\raw_videos\12140b5e80cb.mp4,0.254810681916413,0.0093722654824032,1.0,1.0,69.68032829726675,78.51994894202076,177.72187328954203,0.73521810143087,0.5875886678695679,0.5,2.13430118560791,0.4685372140567674,6.360649108886719,2.13430118560791,0.0,1.0,0.0,0,0,15615614.43405953,15536639.658685263,33784679.44007911,2.1697528616819093,-1.0,4624.14404296875,4482.427734375,4450.2958984375,0.9800478349812816,0.8412565733762353,0.0006398460366379,991871.0,0.1,0.7,0.2,15.0,2.0,0.0,19.133333333333333,30.0,720,1280,AI,0.06999999999999999,0.14285714081632656,0.020000000000000004,0.49999997500000126,0.1,0.0,0.13999999999999999,3.4999998250000086,0.7,0.0,0.2,0.0,0.0,0.010000000000000002,0.31622776601683794,0.48999999999999994,0.8366600265340756,0.04000000000000001,0.4472135954999579,0.566045736849704,0.5110072465748676,81.6643421575651,72.86992110274687,2.030896227004812,2.2643273103748314,0.2,0.44721359549995804,12987386.940515352,13993552.561738977,3389.217078906822,2260.739589592519
e35e72dd8052,C:\Users\bperr\Desktop\frame-truth\frametruth_training\data\raw_videos\e35e72dd8052.mp4,0.2699524408629369,0.0142418616697445,1.0,1.0,88.74065650367604,81.53550951836019,176.89868918312197,1.0124972843700288,0.6366867423057556,0.5,1.136409044265747,0.8799640631882273,3.5058188438415527,1.136409044265747,0.0,1.0,0.0,0,0,12897187.233738024,11445298.492182244,25052494.407787185,1.9377000865991287,-1.0,3231.86865234375,3822.013671875,4478.38818359375,0.860755528380439,0.867866956328764,0.0006050415497101,2863167.0,0.1,0.7,0.2,15.0,2.0,0.0,18.716666666666665,60.0,720,1280,AI,0.06999999999999999,0.14285714081632656,0.020000000000000004,0.49999997500000126,0.1,0.0,0.13999999999999999,3.4999998250000086,0.7,0.0,0.2,0.0,0.0,0.010000000000000002,0.31622776601683794,0.48999999999999994,0.8366600265340756,0.04000000000000001,0.4472135954999579,0.5710485756331704,0.5061920742238025,87.04683812238207,71.89925058988894,1.2992146229778383,1.1113569848240905,0.2,0.44721359549995804,9878996.214281507,10452116.30676433,2883.0677782135126,1988.3330507288533
2ba18028f4b4,C:\Users\bperr\Desktop\frame-truth\frametruth_training\data\raw_videos\2ba18028f4b4.mp4,0.2502455294236702,0.0089599067022669,1.0,1.0,89.2350678091734,81.10126905048494,177.1642295309578,1.075210900141332,1.117051124572754,0.5,1.9337230920791624,0.5171368573707888,6.743797302246094,1.9337230920791624,0.0,1.0,0.0,0,0,13001460.851066932,17774130.26809405,39130201.70923346,3.038010070825149,-1.0,3254.2177734375,2986.07177734375,2098.144287109375,0.88382546140447,0.7806673643259514,0.0009800477368872,3459295.0,0.1,0.7,0.2,15.0,2.0,0.0,14.26425,59.94005994005994,720,1280,AI,0.06999999999999999,0.14285714081632656,0.020000000000000004,0.49999997500000126,0.1,0.0,0.13999999999999999,3.4999998250000086,0.7,0.0,0.2,0.0,0.0,0.010000000000000002,0.31622776601683794,0.48999999999999994,0.8366600265340756,0.04000000000000001,0.4472135954999579,0.5648013590314842,0.5120874939140121,87.14394432268936,72.00084569832188,2.1242385780579935,2.3515215743243183,0.2,0.44721359549995804,13981158.973280903,16114949.159658752,2084.6087044845904,1474.9456060800298
93b7375a0193,C:\Users\bperr\Desktop\frame-truth\frametruth_training\data\raw_videos\93b7375a0193.mp4,0.2563691686930044,0.0099013092562218,1.0,1.0,71.48430164514768,77.18422054033536,178.99489793138392,0.9303128513447112,0.4654930830001831,0.5,0.5153595805168152,1.9403889971506505,4.23516321182251,0.5153595805168152,0.0,1.0,0.0,0,0,13704014.953742689,16191582.473552795,35175250.03270969,2.570891290308283,-1.0,3012.724609375,3645.188232421875,3069.8779296875,0.9371979916751284,0.8558841974258368,0.0016844402985894,973676.0,0.1,0.7,0.2,15.0,2.0,0.0,25.03333333333333,30.0,720,1280,AI,0.06999999999999999,0.14285714081632656,0.020000000000000004,0.49999997500000126,0.1,0.0,0.13999999999999999,3.4999998250000086,0.7,0.0,0.2,0.0,0.0,0.010000000000000002,0.31622776601683794,0.48999999999999994,0.8366600265340756,0.04000000000000001,0.4472135954999579,0.5665676194873066,0.5104990097199915,82.14843324205292,73.28935328109947,1.361960742167829,1.5211817325081152,0.2,0.44721359549995804,13014169.806179293,14495020.739840044,2431.9481139811683,1646.265552548116
51eeb9cca323,C:\Users\bperr\Desktop\frame-truth\frametruth_training\data\raw_videos\51eeb9cca323.mp4,0.2540767394993225,0.0161932588566451,1.0,1.0,77.0835956751093,85.26696439634838,178.90489744940345,1.5473252623187013,1.00705087184906,0.5,2.8979923725128174,0.3450663515951768,8.178338050842285,2.8979923725128174,0.0,0.0,0.25,1,1,15134383.24429368,15923808.364765223,39336143.14474169,2.599182173802728,-1.0,5772.2236328125,5287.09716796875,5930.794921875,0.9566281836826632,0.9168808732526856,0.0018724845311247,970872.0,0.1,0.7,0.2,15.0,2.0,0.0,11.133333333333333,30.0,720,1280,AI,0.06999999999999999,0.14285714081632656,0.020000000000000004,0.49999997500000126,0.0,0.025,0.13999999999999999,3.4999998250000086,0.0,0.175,0.0,0.05,0.0,0.010000000000000002,0.31622776601683794,0.48999999999999994,0.8366600265340756,0.04000000000000001,0.4472135954999579,0.5675674995889919,0.508686460349334,85.70069569579495,72.67107520751259,2.637740003218693,2.943437485463348,0.45,0.51234753829798,14078867.270596555,16115806.436625862,4247.529398785196,2844.894055549697
cedc43daa253,C:\Users\bperr\Desktop\frame-truth\frametruth_training\data\raw_videos\cedc43daa253.mp4,0.3512587080272068,0.0462115359403899,1.0,1.0,78.1632921859896,83.94668609521175,178.3839745102997,0.4627012398106668,0.7748124003410339,0.5,3.2428624629974365,0.3083694430587226,4.053299903869629,3.2428624629974365,0.0,0.0,0.5,3,3,14960720.421117408,14819762.359842677,31899636.63541735,2.1354560350520195,-1.0,3934.21337890625,4508.828125,4340.2021484375,0.9662612859187156,0.8724861760180459,0.0025630115319887,1034322.0,0.1,0.7,0.2,15.0,2.0,0.0,6.933333333333334,30.0,720,1260,AI,0.06999999999999999,0.14285714081632656,0.020000000000000004,0.49999997500000126,0.0,0.05,0.13999999999999999,3.4999998250000086,0.0,0.35,0.0,0.1,0.0,0.010000000000000002,0.31622776601683794,0.48999999999999994,0.8366600265340756,0.04000000000000001,0.4472135954999579,0.5993675609918991,0.4790797753128389,85.23916350782793,72.83484245009866,2.0203677788773766,1.6682724127746227,1.3,1.5652475842498528,12336024.110366693,13230153.770222906,3195.8115538388206,2144.1451062731444
c2828e8dd4c9,C:\Users\bperr\Desktop\frame-truth\frametruth_training\data\raw_videos\c2828e8dd4c9.mp4,0.2729012116874999,0.0593489370941389,1.0,1.0,90.91467925744595,71.99630260257577,176.3687514831411,1.5920411755000328,0.7251902222633362,0.5,3.358003854751587,0.2977958767942211,10.178204536437988,3.358003854751587,0.0,1.0,0.0,0,0,14157455.969958352,17672511.470678136,40128586.35725486,2.8366875125762507,-1.0,4656.470703125,3767.079345703125,3686.587890625,0.9553271169571732,0.7649976340017066,0.0005867342477177,1168936.0,0.1,0.7,0.2,15.0,2.0,0.0,11.466666666666669,30.0,720,1280,AI,0.06999999999999999,0.14285714081632656,0.020000000000000004,0.49999997500000126,0.1,0.0,0.13999999999999999,3.4999998250000086,0.7,0.0,0.2,0.0,0.0,0.010000000000000002,0.31622776601683794,0.48999999999999994,0.8366600265340756,0.04000000000000001,0.4472135954999579,0.5830625371954097,0.48926805146453733,85.2179436296657,71.90045415219775,3.0695330574997866,3.754480295828384,0.2,0.44721359549995804,14391711.126915772,16488237.613911875,3027.5346315468432,2065.645395538307
47009da79f2c,C:\Users\bperr\Desktop\frame-truth\frametruth_training\data\raw_videos\47009da79f2c.mp4,0.383119738025652,0.1282308282770309,1.0,1.0,102.61183303343796,82.3223558335708,178.8706882046034,0.826818936756356,0.8070511221885681,0.5,1.404089093208313,0.7122050108017096,3.538290023803711,1.404089093208313,0.0,0.0,0.25,1,1,12104880.956060443,9963206.31612382,21399927.427279845,1.7805153015622588,-1.0,1731.2825927734375,1643.1995849609375,1374.89453125,0.9692617018957118,0.7908808102581923,0.0016394695872726,1859314.0,0.1,0.7,0.2,15.0,2.0,0.0,10.52,50.0,720,1280,AI,0.06999999999999999,0.14285714081632656,0.020000000000000004,0.49999997500000126,0.0,0.025,0.13999999999999999,3.4999998250000086,0.0,0.175,0.0,0.05,0.0,0.010000000000000002,0.31622776601683794,0.48999999999999994,0.8366600265340756,0.04000000000000001,0.4472135954999579,0.6278376415756708,0.4421551244635967,91.15792400209213,73.1721642049967,1.3942873905351025,1.114160866543762,0.45,0.51234753829798,8693603.095995883,9025752.641710091,1187.3445871134907,805.9426344203284
584f49133f5b,C:\Users\bperr\Desktop\frame-truth\frametruth_training\data\raw_videos\584f49133f5b.mp4,0.3487805232603393,0.0811859341215121,1.0,1.0,63.62540096912897,68.92435065508073,169.18279048921156,0.165954222656313,1.429851531982422,0.5,0.5652415752410889,1.7691519425504654,1.417749047279358,0.5652415752410889,0.0,1.0,0.0,0,0,10172171.839406282,11293390.72342937,26714701.293577075,2.6271158485312074,-1.0,610.4328002929688,986.2318115234376,2306.90380859375,0.6160973596955299,0.7634002596160608,0.0106739962387044,995276.0,0.1,0.7,0.2,15.0,2.0,0.0,10.0,30.0,704,1280,AI,0.06999999999999999,0.14285714081632656,0.020000000000000004,0.49999997500000126,0.1,0.0,0.13999999999999999,3.4999998250000086,0.7,0.0,0.2,0.0,0.0,0.010000000000000002,0.31622776601683794,0.48999999999999994,0.8366600265340756,0.04000000000000001,0.4472135954999579,0.6074916143454628,0.46620981088801366,75.47462408401938,69.84727715459226,1.0412059453824039,0.5601291838438976,0.2,0.44721359549995804,9636053.096705714,10959258.90234883,975.8947736015988,975.9788480257375
3db305299335,C:\Users\bperr\Desktop\frame-truth\frametruth_training\data\raw_videos\3db305299335.mp4,0.2832369123047661,0.0695711859948533,1.0,1.0,63.60616840439369,78.74000420709612,178.26290529987082,1.6848024624380131,0.7859154939651489,0.5,1.4071253538131714,0.7106682333751339,6.154978275299072,1.4071253538131714,0.0,1.0,0.0,0,0,14971099.29105902,21351398.05101861,61926821.804576606,4.134960199672014,-1.0,6587.69970703125,5938.9482421875,5022.4189453125,0.910105275527212,0.90290121494705,0.0004599140443687,2353509.0,0.1,0.7,0.2,15.0,2.0,0.0,8.0,24.0,720,1280,AI,0.06999999999999999,0.14285714081632656,0.020000000000000004,0.49999997500000126,0.1,0.0,0.13999999999999999,3.4999998250000086,0.7,0.0,0.2,0.0,0.0,0.010000000000000002,0.31622776601683794,0.48999999999999994,0.8366600265340756,0.04000000000000001,0.4472135954999579,0.5882020245749049,0.4834379696702223,80.57347009344966,73.16168978208391,1.8276354517109497,2.152903412955171,0.2,0.44721359549995804,19649864.456322886,25418307.40712432,4387.266838611324,2994.502989530503
ad474bb28468,C:\Users\bperr\Desktop\frame-truth\frametruth_training\data\raw_videos\ad474bb28468.mp4,0.2511802844709545,0.0083271845010387,1.0,1.0,84.00030717156768,81.3594756386589,178.92109718111857,2.51940031436895,0.9239255785942078,0.5,2.7803714275360107,0.3596640471960831,8.240646362304688,2.7803714275360107,0.0,1.0,0.0,0,0,10829411.970024897,9799113.136316271,19498165.99696599,1.8066587863731736,-1.0,2994.480712890625,1730.119384765625,1279.35302734375,0.8710435253405842,0.8806630322157899,0.0012674991886065,73181.0,0.1,0.7,0.2,15.0,2.0,0.0,23.5,30.0,144,256,AI,0.06999999999999999,0.14285714081632656,0.020000000000000004,0.49999997500000126,0.1,0.0,0.13999999999999999,3.4999998250000086,0.7,0.0,0.2,0.0,0.0,0.010000000000000002,0.31622776601683794,0.48999999999999994,0.8366600265340756,0.04000000000000001,0.4472135954999579,0.5648768672429982,0.5121254327875702,86.70007007642853,72.17320294616303,2.5974964738611668,2.9705303273988535,0.2,0.44721359549995804,8025338.381993189,8237824.020829534,1500.9885981247971,1236.2719370737682
d211007fc1e6,C:\Users\bperr\Desktop\frame-truth\frametruth_training\data\raw_videos\d211007fc1e6.mp4,0.378378327412183,0.120504971386343,1.0,1.0,102.41654450271211,83.18284946233847,178.8725238620413,1.6598180884203215,0.270256757736206,0.5,0.9426878094673156,1.060795450160344,3.816785335540772,0.9426878094673156,0.0,1.0,0.0,0,0,9147680.288958937,8152978.402253024,19522000.745432265,2.1526245322721227,-1.0,821.0311279296875,484.0619812011719,283.2109069824219,0.9332686594385536,0.8562928064310316,0.004443161097934,1459382.0,0.1,0.7,0.2,15.0,2.0,0.0,17.333333333333332,30.0,720,1062,AI,0.06999999999999999,0.14285714081632656,0.020000000000000004,0.49999997500000126,0.1,0.0,0.13999999999999999,3.4999998250000086,0.7,0.0,0.2,0.0,0.0,0.010000000000000002,0.31622776601683794,0.48999999999999994,0.8366600265340756,0.04000000000000001,0.4472135954999579,0.6247208246996315,0.44593989562515174,91.53293397887805,72.78634901840377,1.2555355270619923,1.2911452167536865,0.2,0.44721359549995804,7364532.117853751,8063466.345604388,397.0771148185948,345.4154947676823
1e1ef5519b83,C:\Users\bperr\Desktop\frame-truth\frametruth_training\data\raw_videos\1e1ef5519b83.mp4,0.3479660511822405,0.1316132224415842,1.0,1.0,90.76792927619086,87.79064081638933,179.82928637148564,3.3316120949519425,0.3310972452163696,0.5,1.063455581665039,0.9403298801671,1.9330638647079468,1.063455581665039,0.0,0.75,0.5,2,8,11630868.078408685,11126502.530519014,27870018.36378134,2.438212161199296,-1.0,0.0,0.0,0.0,0.0,0.0,1000000.0,923189.0,0.1,0.7,0.2,15.0,2.0,0.0,24.0,30.0,720,1280,AI,0.06999999999999999,0.14285714081632656,0.020000000000000004,0.49999997500000126,0.07500000000000001,0.05,0.13999999999999999,3.4999998250000086,0.5249999999999999,0.35,0.15000000000000002,0.1,0.375,0.010000000000000002,0.31622776601683794,0.48999999999999994,0.8366600265340756,0.04000000000000001,0.4472135954999579,0.6198948184059562,0.4477067751518494,90.42986713975444,72.07737044873916,0.9719003589035825,0.5612335123443973,2.25,3.29772648956823,10125478.08218424,11436646.606988225,250000.0,500000.0
45290cdd4922,C:\Users\bperr\Desktop\frame-truth\frametruth_training\data\raw_videos\45290cdd4922.mp4,0.2527140301567045,0.0079825934090058,1.0,1.0,80.67678910843722,82.80147713586683,177.89567180061383,0.9025959700835616,0.7435489892959595,0.5,1.834659576416016,0.5450599488835621,7.1155524253845215,1.834659576416016,0.0,1.0,0.0,0,0,12282126.467121243,14744589.176845793,38494900.93605408,3.1383334688610733,-1.0,5173.888671875,4078.7685546875,3485.38427734375,0.9857772520148036,0.9362350677795512,0.0013614037529918,2269293.0,0.1,0.7,0.2,15.0,2.0,0.0,10.0,30.0,720,1280,AI,0.06999999999999999,0.14285714081632656,0.020000000000000004,0.49999997500000126,0.1,0.0,0.13999999999999999,3.4999998250000086,0.7,0.0,0.2,0.0,0.0,0.010000000000000002,0.31622776601683794,0.48999999999999994,0.8366600265340756,0.04000000000000001,0.4472135954999579,0.5651741558914276,0.5119377556191854,85.56913350375035,72.3975303613667,2.0955800860660125,2.534334544046106,0.2,0.44721359549995804,13104323.743670916,15744002.30826218,3184.5107163275006,2235.2439436447876
ecaa4b0d64da,C:\Users\bperr\Desktop\frame-truth\frametruth_training\data\raw_videos\ecaa4b0d64da.mp4,0.2850743544191726,0.0210898786800759,1.0,1.0,115.4744982395192,67.20838151330415,177.5729138799518,0.2667799500334989,1.1947709321975708,0.5,2.442681312561035,0.4093860240677585,3.7006001472473145,2.442681312561035,0.0,1.0,0.0,0,0,11982337.722386835,11235341.858087966,32302466.733367678,2.699672462651427,-1.0,3474.01416015625,3349.38232421875,4115.1630859375,0.991889354116282,0.98007776093042,0.005658862011369,2177871.0,0.1,0.7,0.2,15.0,2.0,0.0,8.333333333333334,30.0,720,1280,AI,0.06999999999999999,0.14285714081632656,0.020000000000000004,0.49999997500000126,0.1,0.0,0.13999999999999999,3.4999998250000086,0.7,0.0,0.2,0.0,0.0,0.010000000000000002,0.31622776601683794,0.48999999999999994,0.8366600265340756,0.04000000000000001,0.4472135954999579,0.5765410582748121,0.5007041052437015,90.13064339570217,75.03200581301327,1.7816866214391192,1.298187708639398,0.2,0.44721359549995804,11104029.602702986,13198118.369044606,2734.641307293628,1853.7036120897171
6e8dfea184c1,C:\Users\bperr\Desktop\frame-truth\frametruth_training\data\raw_videos\6e8dfea184c1.mp4,0.2508974888011919,0.0085502584189049,1.0,1.0,90.76760594341052,83.49717118399704,178.18439960837958,1.0548044388546804,0.8694711923599243,0.5,0.5033937692642212,1.9865124968653007,6.2421722412109375,0.5033937692642212,0.0,1.0,0.0,0,0,12902661.735463602,17215967.06531947,37284105.71607843,2.896664033534053,-1.0,2785.74462890625,2409.17626953125,5174.7529296875,0.7819257276792277,0.7853114974299696,0.0012337428349342,3458109.0,0.1,0.7,0.2,15.0,2.0,0.0,9.133333333333333,60.0,720,1280,AI,0.06999999999999999,0.14285714081632656,0.020000000000000004,0.49999997500000126,0.1,0.0,0.13999999999999999,3.4999998250000086,0.7,0.0,0.2,0.0,0.0,0.010000000000000002,0.31622776601683794,0.48999999999999994,0.8366600265340756,0.04000000000000001,0.4472135954999579,0.5648619368050242,0.5121024071418013,88.37599529366045,72.38798837756282,1.7674905781607675,2.266256792776836,0.2,0.44721359549995804,13480547.282705108,15365114.429247206,2592.4187654669586,2118.177762156464
e46a47bc6114,C:\Users\bperr\Desktop\frame-truth\frametruth_training\data\raw_videos\e46a47bc6114.mp4,0.3058848533812089,0.0461454240122911,1.0,1.0,78.68386813152486,80.05070723218317,179.31263924838984,3.968991346028026,0.4344161748886108,0.5,1.868669033050537,0.53513995639323,3.6466057300567623,1.868669033050537,0.0,1.0,0.0,0,0,14367659.741282202,10675569.95556677,20597087.82819381,1.4549343992677517,-1.0,4211.837890625,4597.92041015625,4767.3115234375,0.9693384878508854,0.8812063902782163,0.0006112401934444,987913.0,0.1,0.7,0.2,15.0,2.0,0.0,32.333333333333336,30.0,1280,720,AI,0.06999999999999999,0.14285714081632656,0.020000000000000004,0.49999997500000126,0.1,0.0,0.13999999999999999,3.4999998250000086,0.7,0.0,0.2,0.0,0.0,0.010000000000000002,0.31622776601683794,0.48999999999999994,0.8366600265340756,0.04000000000000001,0.4472135954999579,0.5880075693483751,0.487402413221143,85.50405148953146,71.93578394313951,1.4755833212399463,1.2603647582387574,0.2,0.44721359549995804,9128063.595995437,9055795.689185852,3394.267608864736,2274.752680636065
f8a60f3b8469,C:\Users\bperr\Desktop\frame-truth\frametruth_training\data\raw_videos\f8a60f3b8469.mp4,0.445471475161986,0.0463870821337289,1.0,1.0,77.58758623300683,78.66186207873369,176.3909044915713,0.2142342700396284,1.4945392608642578,0.5,0.2771157920360565,3.608586807940123,0.9039158821105956,0.2771157920360565,0.0,1.0,0.0,0,0,11191574.464894367,10699404.993356626,26630871.2408152,2.382101925294428,-1.0,2293.418701171875,2617.63623046875,2533.05322265625,0.996208304139652,0.9726330589457506,0.0035366416479177,1138632.0,0.1,0.7,0.2,15.0,2.0,0.0,7.833333333333333,24.0,720,1280,AI,0.06999999999999999,0.14285714081632656,0.020000000000000004,0.49999997500000126,0.1,0.0,0.13999999999999999,3.4999998250000086,0.7,0.0,0.2,0.0,0.0,0.010000000000000002,0.31622776601683794,0.48999999999999994,0.8366600265340756,0.04000000000000001,0.4472135954999579,0.6229646393239288,0.46485009382233705,83.21364676833787,72.16480012880761,1.1768789224978482,1.2779618624755051,0.2,0.44721359549995804,9704370.416233623,10932267.415576166,1861.0279227346307,1248.2584783045215
04d0bca18d2b,C:\Users\bperr\Desktop\frame-truth\frametruth_training\data\raw_videos\04d0bca18d2b.mp4,0.4976632555254077,0.1153139062923692,1.0,1.0,63.23933605888339,77.06061473503478,177.28355386581742,0.2839214015535135,0.254474401473999,0.5,0.0571636520326137,17.493327859836825,1.133855223655701,0.0571636520326137,0.0,1.0,0.0,0,0,15628584.248259235,16485254.399647435,39653354.91903508,2.544372103577823,-1.0,4331.90087890625,3688.958251953125,4031.12841796875,0.9198325111818996,0.7826225607798637,0.0037509779955239,961222.0,0.1,0.7,0.2,15.0,2.0,0.0,5.2,30.0,720,1280,AI,0.06999999999999999,0.14285714081632656,0.020000000000000004,0.49999997500000126,0.1,0.0,0.13999999999999999,3.4999998250000086,0.7,0.0,0.2,0.0,0.0,0.010000000000000002,0.31622776601683794,0.48999999999999994,0.8366600265340756,0.04000000000000001,0.4472135954999579,0.6532442904544442,0.4297493846570081,79.46685651532228,73.2738377900758,3.249330798171959,6.989628545945694,0.2,0.44721359549995804,14353439.022262767,16265752.02482139,3012.99782495153,2025.7633095404226
1a24969d303f,C:\Users\bperr\Desktop\frame-truth\frametruth_training\data\raw_videos\1a24969d303f.mp4,0.4723457639433458,0.0666447795834787,1.0,1.0,112.0155619935906,76.14191018840285,178.6962711297113,0.1645380628935683,0.2052106857299804,0.5,0.5114552974700928,1.955201265379814,1.4808998107910156,0.5114552974700928,0.0,1.0,0.0,0,0,13686717.528855711,16210335.72668522,36118657.68984456,2.6414519872504103,-1.0,2544.061767578125,2422.363037109375,1948.893310546875,0.9556911681712976,0.7963103474135425,0.0058891972207156,1553403.0,0.1,0.7,0.2,15.0,2.0,0.0,5.0,25.0,720,1280,AI,0.06999999999999999,0.14285714081632656,0.020000000000000004,0.49999997500000126,0.1,0.0,0.13999999999999999,3.4999998250000086,0.7,0.0,0.2,0.0,0.0,0.010000000000000002,0.31622776601683794,0.48999999999999994,0.8366600265340756,0.04000000000000001,0.4472135954999579,0.6347476358817061,0.45311286391335714,91.75457034364958,74.39053767902928,0.8607037261401659,0.6908393852050573,0.2,0.44721359549995804,13203142.517367495,14858026.38923759,1728.8310011078988,1180.7979752648305
f259ba9b8afb,C:\Users\bperr\Desktop\frame-truth\frametruth_training\data\raw_videos\f259ba9b8afb.mp4,0.374988877295624,0.0453001802927117,1.0,1.0,105.58778998817714,70.86362037130172,178.3190773284455,0.538524441562386,0.5457769632339478,0.5,1.347068190574646,0.7423523654144374,2.8331165313720703,1.347068190574646,0.0,1.0,0.0,0,0,14167069.052812155,13725054.857748922,33387978.54983984,2.358453242628564,-1.0,3276.116943359375,3131.14599609375,3362.847900390625,0.9268298707224476,0.8509631706975616,0.0025093247680091,973859.0,0.1,0.7,0.2,15.0,2.0,0.0,7.7,30.0,720,1280,AI,0.06999999999999999,0.14285714081632656,0.020000000000000004,0.49999997500000126,0.1,0.0,0.13999999999999999,3.4999998250000086,0.7,0.0,0.2,0.0,0.0,0.010000000000000002,0.31622776601683794,0.48999999999999994,0.8366600265340756,0.04000000000000001,0.4472135954999579,0.605072264397084,0.47547133943050873,88.8272530323717,73.9533499566894,1.2192303735282912,0.8758490744505555,0.2,0.44721359549995804,12256020.763770832,13718508.148027867,2442.5283372921294,1631.1534531008017
c1112edefb98,C:\Users\bperr\Desktop\frame-truth\frametruth_training\data\raw_videos\c1112edefb98.mp4,0.2626114183634628,0.021534153672235,1.0,1.0,91.19450799764331,78.89897541574636,177.63028146985022,0.8069532687670813,1.1723134517669678,0.5,2.954906225204468,0.338420100458756,7.959359645843506,2.954906225204468,0.0,0.0,0.5,2,2,10661625.266707173,10188933.9667633,22339500.958497237,2.09300887558836,-1.0,2409.2734375,1561.713134765625,2762.308837890625,0.9225010065119236,0.8758264300475237,0.002145538031881,1721915.0,0.1,0.7,0.2,15.0,2.0,0.0,13.4,30.0,720,1280,AI,0.06999999999999999,0.14285714081632656,0.020000000000000004,0.49999997500000126,0.0,0.05,0.13999999999999999,3.4999998250000086,0.0,0.35,0.0,0.1,0.0,0.010000000000000002,0.31622776601683794,0.48999999999999994,0.8366600265340756,0.04000000000000001,0.4472135954999579,0.5710363930089244,0.5050076660364269,87.13267953800174,72.40220831193511,2.6466509414130273,2.8469150788486752,0.9,1.02469507659596,8638012.256995317,9266359.223306764,1683.3243889235705,1230.11822391944
bf05ee6b6f93,C:\Users\bperr\Desktop\frame-truth\frametruth_training\data\raw_videos\bf05ee6b6f93.mp4,0.5910961561411633,0.0507700591155316,1.0,1.0,47.5507146361894,67.79827987814551,177.45296660271146,0.1832447700336123,0.1551665067672729,0.5,0.2527387738227844,3.9566388181591794,0.6282863616943359,0.2527387738227844,0.0,1.0,0.0,0,0,12099776.778710805,11268490.10941106,23227977.03387148,1.919954350177508,-1.0,0.0,0.0,0.0,0.0,0.0,1000000.0,498893.0,0.1,0.7,0.2,15.0,2.0,0.0,6.28,25.0,700,1280,AI,0.06999999999999999,0.14285714081632656,0.020000000000000004,0.49999997500000126,0.1,0.0,0.13999999999999999,3.4999998250000086,0.7,0.0,0.2,0.0,0.0,0.010000000000000002,0.31622776601683794,0.48999999999999994,0.8366600265340756,0.04000000000000001,0.4472135954999579,0.6604665538141737,0.4498547876366216,73.24630147177,75.02706941369624,0.9575948723777262,1.479840347634821,0.2,0.44721359549995804,9319248.968389539,9729855.829513127,250000.0,500000.0
8b3c0d536b04,C:\Users\bperr\Desktop\frame-truth\frametruth_training\data\raw_videos\8b3c0d536b04.webm,0.3145037284352863,0.0306701670040214,1.0,1.0,107.2310549534374,73.91496134699085,178.41357835595318,0.8937696259522254,1.2516727447509766,0.5,0.9309170246124268,1.0742084410883916,7.813809394836426,0.9309170246124268,0.0,1.0,0.0,0,0,12851238.725866394,10524267.924515637,19164907.64700264,1.4873258234349716,-1.0,2366.1865234375,2652.678955078125,2908.995849609375,0.9681085208370102,0.8739886425308405,0.0024145981737301,0.0,0.1,0.7,0.2,15.0,2.0,0.0,29.6,30.0,136,240,AI,0.06999999999999999,0.14285714081632656,0.020000000000000004,0.49999997500000126,0.1,0.0,0.13999999999999999,3.4999998250000086,0.7,0.0,0.2,0.0,0.0,0.010000000000000002,0.31622776601683794,0.48999999999999994,0.8366600265340756,0.04000000000000001,0.4472135954999579,0.5862934738598269,0.49155979778024184,90.11334107058342,73.73933248875437,2.0835874383167745,2.818205777740502,0.2,0.44721359549995804,8508082.9569421,8385565.86109872,1981.9659356807933,1339.781732803997
584905cd4c8f,C:\Users\bperr\Desktop\frame-truth\frametruth_training\data\raw_videos\584905cd4c8f.mp4,0.366020035145399,0.0781377724048069,1.0,1.0,77.02703964112217,81.90258654821018,178.30194284932782,0.6906951016234987,1.2853429317474363,0.5,0.3424475193023681,2.920146952415468,1.567017674446106,0.3424475193023681,0.0,1.0,0.0,0,0,13984696.12853711,11668297.030954923,26327899.30981801,1.8831202085318124,-1.0,1912.9896240234373,1561.3758544921875,1349.8875732421875,0.96401901167799,0.8087251463755271,0.0020354151511652,1039646.0,0.1,0.7,0.2,15.0,2.0,0.0,8.233333333333333,30.0,720,1280,AI,0.06999999999999999,0.14285714081632656,0.020000000000000004,0.49999997500000126,0.1,0.0,0.13999999999999999,3.4999998250000086,0.7,0.0,0.2,0.0,0.0,0.010000000000000002,0.31622776601683794,0.48999999999999994,0.8366600265340756,0.04000000000000001,0.4472135954999579,0.6110394518875515,0.4642554363537625,84.48056603507091,72.76765364800151,1.1595670995356244,1.0051740670073865,0.2,0.44721359549995804,10396178.670486052,11005413.539875353,1206.063771793241,836.911192915515
922edd6f86f3,C:\Users\bperr\Desktop\frame-truth\frametruth_training\data\raw_videos\922edd6f86f3.mp4,0.2737749378715249,0.0457866055282238,1.0,1.0,90.0738978664115,84.0513377545037,176.30816987689448,0.859128066751915,0.5246221423149109,0.5,2.3067429065704346,0.4335114952083068,7.310812950134277,2.3067429065704346,0.0,1.0,0.0,0,0,13210187.14304012,12308311.885839712,28416032.890240826,2.156595347658093,-1.0,4264.8466796875,3797.3740234375,3463.6357421875,0.9987407924788176,0.9175903422935052,0.0004390289911552,975654.0,0.1,0.7,0.2,15.0,2.0,0.0,8.433333333333334,30.0,720,1280,AI,0.06999999999999999,0.14285714081632656,0.020000000000000004,0.49999997500000126,0.1,0.0,0.13999999999999999,3.4999998250000086,0.7,0.0,0.2,0.0,0.0,0.010000000000000002,0.31622776601683794,0.48999999999999994,0.8366600265340756,0.04000000000000001,0.4472135954999579,0.5798903858499371,0.49394928600940347,87.82313339114039,71.67433824131943,2.2304054001330607,2.644050785476921,0.2,0.44721359549995804,10786906.6151432,11744016.981354792,2881.4642210853726,1948.8795926632488
12fdb6b00056,C:\Users\bperr\Desktop\frame-truth\frametruth_training\data\raw_videos\12fdb6b00056.mp4,0.2598148084769939,0.0365177578844189,1.0,1.0,99.15991136801613,80.75021708503404,179.64906440086466,0.6425309243304754,1.63368821144104,0.5,4.178674221038818,0.2393102950344631,14.36543083190918,4.178674221038818,0.0,1.0,0.0,0,0,11337576.457073448,12262699.120796734,25764993.817111533,2.28016661513234,-1.0,2484.54248046875,2542.373291015625,2550.67138671875,0.9745388617361832,0.8169561696461645,0.0015396643989044,105005.0,0.1,0.7,0.2,15.0,2.0,0.0,15.1,30.0,140,256,AI,0.06999999999999999,0.14285714081632656,0.020000000000000004,0.49999997500000126,0.1,0.0,0.13999999999999999,3.4999998250000086,0.7,0.0,0.2,0.0,0.0,0.010000000000000002,0.31622776601683794,0.48999999999999994,0.8366600265340756,0.04000000000000001,0.4472135954999579,0.5740831415903532,0.5001837887256523,90.05043094456133,73.46464980901324,4.182629630077053,5.278221335499971,0.2,0.44721359549995804,9873054.135029666,10669622.138070833,1894.3971744668809,1263.2728911626261
cc1756326a5f,C:\Users\bperr\Desktop\frame-truth\frametruth_training\data\raw_videos\cc1756326a5f.mp4,0.2566574810840066,0.0085047663143386,1.0,1.0,115.48627379635468,79.43281880462224,179.36888781051823,1.92717843597833,1.0034855604171753,0.5,2.904940605163574,0.3442409989317809,8.466318130493164,2.904940605163574,0.0,1.0,0.0,0,0,12217516.451676302,13164551.250692377,32946406.0472626,2.743780111832062,-1.0,2678.71435546875,3865.72119140625,5838.349609375,0.9388717500328267,0.8987096532947533,0.0007680788955141,2348189.0,0.1,0.7,0.2,15.0,2.0,0.0,14.466666666666669,30.0,720,1280,real,0.06999999999999999,0.14285714081632656,0.020000000000000004,0.49999997500000126,0.1,0.0,0.13999999999999999,3.4999998250000086,0.7,0.0,0.2,0.0,0.0,0.010000000000000002,0.31622776601683794,0.48999999999999994,0.8366600265340756,0.04000000000000001,0.4472135954999579,0.5662905618495864,0.5109485922891422,94.05378971186836,74.02500170677358,2.687320983361545,3.052907573294457,0.2,0.44721359549995804,11665695.098682279,13486999.097585598,3095.6964810822237,2440.7847288138073
8801f87631e3,C:\Users\bperr\Desktop\frame-truth\frametruth_training\data\raw_videos\8801f87631e3.mp4,0.3125037733718605,0.1211106702606687,1.0,1.0,120.14756892736764,74.27079121876706,178.94260695065967,2.2701507920204507,0.3317068815231323,0.5,4.272210597991943,0.2340708031573219,7.430073738098144,4.272210597991943,0.0,0.0,0.5,2,2,12670785.97353308,14200025.773432512,34174634.0832523,2.73073189707893,-1.0,2546.29541015625,2144.517822265625,1891.144775390625,0.8714507287722916,0.8344610241590267,0.001033682959459,2178571.0,0.1,0.7,0.2,15.0,2.0,0.0,17.466666666666665,60.0,720,1280,real,0.06999999999999999,0.14285714081632656,0.020000000000000004,0.49999997500000126,0.0,0.05,0.13999999999999999,3.4999998250000086,0.0,0.35,0.0,0.1,0.0,0.010000000000000002,0.31622776601683794,0.48999999999999994,0.8366600265340756,0.04000000000000001,0.4472135954999579,0.6084036109081323,0.4588778296955968,93.90777947220371,74.61571490585357,2.8400454364604144,2.957337743645384,0.9,1.02469507659596,12209089.512189958,14007014.584611656,1645.4897603738648,1129.669473976799
84585e5f6219,C:\Users\bperr\Desktop\frame-truth\frametruth_training\data\raw_videos\84585e5f6219.mp4,0.2699236709005985,0.0112742826843517,1.0,1.0,63.668362980356925,83.08470397813667,178.17866139112795,0.7461431204938108,0.3370996713638305,0.5,0.3372132778167724,2.965473486100006,2.1921610832214355,0.3372132778167724,0.0,0.5,0.5,3,6,10425473.045143949,12354867.45873645,29464805.468894284,2.832841468824561,-1.0,0.0,0.0,0.0,0.0,0.0,1000000.0,910886.0,0.1,0.7,0.2,15.0,2.0,0.0,11.666666666666666,30.0,720,1280,real,0.06999999999999999,0.14285714081632656,0.020000000000000004,0.49999997500000126,0.05,0.05,0.13999999999999999,3.4999998250000086,0.35,0.35,0.1,0.1,0.25,0.010000000000000002,0.31622776601683794,0.48999999999999994,0.8366600265340756,0.04000000000000001,0.4472135954999579,0.5702994883962376,0.5072868589212157,81.41946786752884,73.45838185235077,1.1115267993864695,1.1642778049015787,2.0,2.5248762345905194,10449029.561123231,12078875.212655604,250000.0,500000.0
b13e96f4ecc1,C:\Users\bperr\Desktop\frame-truth\frametruth_training\data\raw_videos\b13e96f4ecc1.mp4,0.2570708249690895,0.0111363551059887,1.0,1.0,114.20812727156115,81.94398758729068,179.65116897376004,1.5454539760183856,0.5156956315040588,0.5,1.0641382932662964,0.9397266000117096,3.024308681488037,1.0641382932662964,0.0,0.3333333333333333,0.5,2,3,12197314.66822252,14078902.25133619,36592283.08628072,2.99949988570992,-1.0,0.0,0.0,0.0,0.0,0.0,1000000.0,1015210.0,0.1,0.7,0.2,15.0,2.0,0.0,18.73333333333333,30.0,720,1280,real,0.06999999999999999,0.14285714081632656,0.020000000000000004,0.49999997500000126,0.03333333333333333,0.05,0.13999999999999999,3.4999998250000086,0.2333333333333333,0.35,0.06666666666666667,0.1,0.16666666666666666,0.010000000000000002,0.31622776601683794,0.48999999999999994,0.8366600265340756,0.04000000000000001,0.4472135954999579,0.5670517950187696,0.509907989909062,94.33718445215757,74.02077838186617,1.1846679165893998,0.9369763334107906,1.1666666666666665,1.2801909579781015,12573700.401067864,14962414.96471877,250000.0,500000.0
f362fca1fc3c,C:\Users\bperr\Desktop\frame-truth\frametruth_training\data\raw_videos\f362fca1fc3c.mp4,0.2574006073907197,0.013373303204912,1.0,1.0,103.09430609533628,83.70117638905016,179.7643122175441,3.4268590967826174,2.4018093506481986,0.5,1.0800453424453735,0.9258861964532582,7.594099998474121,1.0800453424453735,0.0,1.0,0.0,0,0,12221981.44370666,15561964.419276165,41177085.8645703,3.3786543321954943,-1.0,3274.576171875,2475.05859375,2147.429443359375,0.963685805330772,0.8480152432112472,0.001085043315124,3447594.0,0.1,0.7,0.2,15.0,2.0,0.0,13.633333333333333,60.0,720,1280,real,0.06999999999999999,0.14285714081632656,0.020000000000000004,0.49999997500000126,0.1,0.0,0.13999999999999999,3.4999998250000086,0.7,0.0,0.2,0.0,0.0,0.010000000000000002,0.31622776601683794,0.48999999999999994,0.8366600265340756,0.04000000000000001,0.4472135954999579,0.567693477648908,0.5090286107424864,92.49666344967828,72.4309859825509,2.263647705077721,2.6882968020559983,0.2,0.44721359549995804,13792206.821241492,16852144.68766389,1974.2663235069226,1398.7264800025566
d6442e615a7c,C:\Users\bperr\Desktop\frame-truth\frametruth_training\data\raw_videos\d6442e615a7c.mp4,0.3126320835186416,0.0920220775061879,1.0,1.0,116.42410923451708,79.24354453885782,178.87470246010395,1.3629845194254775,0.7292133569717407,0.5,2.8346121311187744,0.3527818272701349,6.197669982910156,2.8346121311187744,0.0,1.0,0.0,0,0,13644980.61300721,11535043.495552525,22844097.989526384,1.6652619733465357,-1.0,2869.329833984375,2961.8583984375,2959.663330078125,0.896591697195162,0.8650305369221833,0.0006677131196116,1025011.0,0.1,0.7,0.2,15.0,2.0,0.0,12.433333333333334,30.0,720,1280,real,0.06999999999999999,0.14285714081632656,0.020000000000000004,0.49999997500000126,0.1,0.0,0.13999999999999999,3.4999998250000086,0.7,0.0,0.2,0.0,0.0,0.010000000000000002,0.31622776601683794,0.48999999999999994,0.8366600265340756,0.04000000000000001,0.4472135954999579,0.6011635402562074,0.46926057930189663,93.97633518822607,74.17529500555725,2.2414815715649303,2.2468615626461697,0.2,0.44721359549995804,9604824.552669618,9744642.93715902,2197.71305755328,1465.775694826962
0355e504813a,C:\Users\bperr\Desktop\frame-truth\frametruth_training\data\raw_videos\0355e504813a.mp4,0.2549361903640891,0.0113148842723928,1.0,1.0,124.5810422436192,74.84845945312979,178.45872149938896,1.0616549124577273,1.9051793813705444,0.5,1.7582037448883057,0.5687619732043935,7.263047695159912,1.7582037448883057,0.0,0.0,0.25,1,1,12631120.36889734,12630462.570860092,31751980.062006503,2.548884194217814,-1.0,2634.356201171875,1832.14501953125,1679.1937255859375,0.9851523046135088,0.8158141853927846,0.000711176610465,3460417.0,0.1,0.7,0.2,15.0,2.0,0.0,6.933333333333334,60.0,720,1280,real,0.06999999999999999,0.14285714081632656,0.020000000000000004,0.49999997500000126,0.0,0.025,0.13999999999999999,3.4999998250000086,0.0,0.175,0.0,0.05,0.0,0.010000000000000002,0.31622776601683794,0.48999999999999994,0.8366600265340756,0.04000000000000001,0.4472135954999579,0.5665627686591205,0.5102767237622806,94.73746952714892,75.43345374066024,2.2922327565852436,2.5144238001750914,0.45,0.51234753829798,11402712.910129625,13011079.085065857,1536.4239143664183,1106.6293804078305
ecd4506fcd5d,C:\Users\bperr\Desktop\frame-truth\frametruth_training\data\raw_videos\ecd4506fcd5d.mp4,0.6109373047028103,0.1173758594344026,1.0,1.0,101.82676102935012,76.83454520489629,178.84860503150145,0.5018023012287455,0.4883030652999878,0.5,2.2949132919311523,0.4357461206790898,3.202080488204956,2.2949132919311523,0.0,1.0,0.0,0,0,8324036.20220052,11249012.819758195,40037254.20074096,4.856832450925339,-1.0,1528.2139892578125,2984.5283203125,4273.3857421875,0.9160743879592692,0.8610499912806192,0.0041250644135117,3441323.0,0.1,0.7,0.2,15.0,2.0,0.0,8.866666666666667,60.0,720,1280,real,0.06999999999999999,0.14285714081632656,0.020000000000000004,0.49999997500000126,0.1,0.0,0.13999999999999999,3.4999998250000086,0.7,0.0,0.2,0.0,0.0,0.010000000000000002,0.31622776601683794,0.48999999999999994,0.8366600265340756,0.04000000000000001,0.4472135954999579,0.6820782910343033,0.41876735874643517,89.50292839174415,73.52145982193323,1.5359927096743897,1.2090695950306949,0.2,0.44721359549995804,11922061.415906426,16493436.952513715,2196.5330442055565,1844.4189090434725
d4ad9a450cfc,C:\Users\bperr\Desktop\frame-truth\frametruth_training\data\raw_videos\d4ad9a450cfc.mp4,0.8231029181410624,0.0335969326419353,1.0,1.0,119.5605685179584,50.34007510509487,176.41631266595988,0.1509876338700893,0.5825918912887573,0.5,0.1793301999568939,5.576274514643137,0.7757800221443176,0.1793301999568939,0.0,1.0,0.0,0,0,10209358.79119816,10856080.4554756,25468914.71713882,2.494018671796422,-1.0,1724.332275390625,1905.4930419921875,1994.664794921875,0.9903838814135904,0.9221345593076682,0.0235826319016272,1042944.0,0.1,0.7,0.2,15.0,2.0,0.0,11.3,30.0,720,1280,real,0.06999999999999999,0.14285714081632656,0.020000000000000004,0.49999997500000126,0.1,0.0,0.13999999999999999,3.4999998250000086,0.7,0.0,0.2,0.0,0.0,0.010000000000000002,0.31622776601683794,0.48999999999999994,0.8366600265340756,0.04000000000000001,0.4472135954999579,0.7141749626957494,0.46131827710355566,86.61698598072081,77.33386889822978,1.2988844713316665,2.1084496123571985,0.2,0.44721359549995804,9306871.091566252,10460184.738771517,1406.1284237341472,944.1265094535805
7d8592cbf67e,C:\Users\bperr\Desktop\frame-truth\frametruth_training\data\raw_videos\7d8592cbf67e.mp4,0.2720796872612772,0.0483432878005066,1.0,1.0,114.23939699610382,77.680893142882,178.18937674330348,0.5271072182223573,0.5069509744644165,0.5,2.599400281906128,0.3847039727804954,4.983834743499756,2.599400281906128,0.0,1.0,0.0,0,0,11176051.166088369,9705578.318045167,22099274.03870525,1.964699229127984,-1.0,0.0,0.0,0.0,0.0,0.0,1000000.0,989507.0,0.1,0.7,0.2,15.0,2.0,0.0,11.466666666666669,30.0,720,1280,real,0.06999999999999999,0.14285714081632656,0.020000000000000004,0.49999997500000126,0.1,0.0,0.13999999999999999,3.4999998250000086,0.7,0.0,0.2,0.0,0.0,0.010000000000000002,0.31622776601683794,0.48999999999999994,0.8366600265340756,0.04000000000000001,0.4472135954999579,0.580105743765446,0.4933807636761261,92.6591935251279,74.14802364816676,1.9290483757594874,1.8264721745881711,0.2,0.44721359549995804,8596180.897507604,9192505.821036465,250000.0,500000.0
93e67e7aa778,C:\Users\bperr\Desktop\frame-truth\frametruth_training\data\raw_videos\93e67e7aa778.mp4,0.2564923743339516,0.0377967703638194,1.0,1.0,63.3464658686449,79.05736753777657,177.44676906597164,0.7023098865227188,0.2013316750526428,0.5,0.2904243171215057,3.4432259897701285,6.4492692947387695,0.2904243171215057,0.0,0.0,0.25,1,1,11301271.425075922,11935074.420754172,25292103.703711897,2.23156628644096,-1.0,685.156005859375,629.9049682617188,1153.2979736328125,0.985407182572846,0.7533041165813117,0.0035219313404591,1155195.0,0.1,0.7,0.2,15.0,2.0,0.0,9.12,25.0,720,1280,real,0.06999999999999999,0.14285714081632656,0.020000000000000004,0.49999997500000126,0.0,0.025,0.13999999999999999,3.4999998250000086,0.0,0.175,0.0,0.05,0.0,0.010000000000000002,0.31622776601683794,0.48999999999999994,0.8366600265340756,0.04000000000000001,0.4472135954999579,0.5735722861744428,0.5004252405277922,80.13822808972895,73.17137141836682,1.8624459323007587,2.5727758378668524,0.45,0.51234753829798,9705690.156221656,10474410.961584086,617.0906174213117,473.67777970763404
2235586b1a24,C:\Users\bperr\Desktop\frame-truth\frametruth_training\data\raw_videos\2235586b1a24.mp4,0.2513860412714698,0.0073087425405604,1.0,1.0,99.47298399473551,79.05697615013554,176.32587299641676,0.9346075241668133,0.4383996725082397,0.5,2.3377487659454346,0.4277617795399839,9.2096529006958,2.3377487659454346,0.0,1.0,0.0,0,0,11469996.309454257,13591566.813860958,29912216.218700603,2.6165690523225877,-1.0,2207.949951171875,2081.502197265625,1776.563720703125,0.9413219086559692,0.8840100586667735,0.0011058177244602,2310712.0,0.1,0.7,0.2,15.0,2.0,0.0,9.366666666666667,30.0,720,1280,real,0.06999999999999999,0.14285714081632656,0.020000000000000004,0.49999997500000126,0.1,0.0,0.13999999999999999,3.4999998250000086,0.7,0.0,0.2,0.0,0.0,0.010000000000000002,0.31622776601683794,0.48999999999999994,0.8366600265340756,0.04000000000000001,0.4472135954999579,0.5646736959530075,0.5124525434479265,88.94761016636366,72.08758003235401,2.5418853141058158,3.394287372900032,0.2,0.44721359549995804,10994756.191716973,12314715.428424954,1516.5042437395873,1027.0885311891006
950536e29768,C:\Users\bperr\Desktop\frame-truth\frametruth_training\data\raw_videos\950536e29768.mp4,0.351735297446134,0.0995741963940689,1.0,1.0,101.16450644662648,81.90487534084141,177.57240270437768,0.6401327632442015,0.3235526084899902,0.5,2.1263267993927,0.4702943733725391,4.702064037322998,2.1263267993927,0.0,1.0,0.0,0,0,14098228.162867358,14376812.845991232,32323507.497202724,2.304481497292284,-1.0,2484.777587890625,2082.8369140625,1983.0556640625,0.9513621446092828,0.7866406358027265,0.0026298371683781,1621832.0,0.1,0.7,0.2,15.0,2.0,0.0,9.966666666666669,30.0,720,1280,real,0.06999999999999999,0.14285714081632656,0.020000000000000004,0.49999997500000126,0.1,0.0,0.13999999999999999,3.4999998250000086,0.7,0.0,0.2,0.0,0.0,0.010000000000000002,0.31622776601683794,0.48999999999999994,0.8366600265340756,0.04000000000000001,0.4472135954999579,0.6128273734600507,0.4587676177940443,90.32047931377244,72.67250284087322,1.7080941029951546,1.686551975284668,0.2,0.44721359549995804,12159709.962108564,13332002.756990796,1637.6681989631984,1113.105343780897
7d04032e735e,C:\Users\bperr\Desktop\frame-truth\frametruth_training\data\raw_videos\7d04032e735e.mp4,0.2719932004321869,0.0228593100015762,1.0,1.0,78.17808682647988,82.79334531892543,179.8741439603957,3.618109575084431,0.8758034110069275,0.5,1.607064127922058,0.6222523173612784,10.565505981445312,1.607064127922058,0.0,1.0,0.0,0,0,15280141.02168893,12447325.433875676,24980216.358889207,1.6353149499712818,-1.0,6516.3984375,5953.2822265625,4974.5439453125,0.9920873852991036,0.9052647944926498,0.0011248139828967,1816731.0,0.1,0.7,0.2,15.0,2.0,0.0,7.933333333333334,30.0,720,1280,real,0.06999999999999999,0.14285714081632656,0.020000000000000004,0.49999997500000126,0.1,0.0,0.13999999999999999,3.4999998250000086,0.7,0.0,0.2,0.0,0.0,0.010000000000000002,0.31622776601683794,0.48999999999999994,0.8366600265340756,0.04000000000000001,0.4472135954999579,0.5737131276084408,0.5026316868821729,86.11592142022135,72.27388182719714,2.6296149942762725,3.916891786070218,0.2,0.44721359549995804,10541536.689953752,10686555.227343177,4361.056433547245,2976.3429721090406
acf1428a889d,C:\Users\bperr\Desktop\frame-truth\frametruth_training\data\raw_videos\acf1428a889d.mp4,0.2566252726214346,0.0092680189300067,1.0,1.0,75.90584907393652,79.82896987834596,179.3798952852293,1.7613790680646568,0.9100786447525024,0.5,0.8084985017776489,1.2368591419058377,6.357761859893799,0.8084985017776489,0.0,0.0,0.5,3,3,10923530.059510646,11126885.621843912,29830652.88578639,2.728874671683025,-1.0,1933.470458984375,2268.534423828125,2492.3761596679688,0.7453048707313759,0.7219180894665413,0.000845783584927,2310962.0,0.1,0.7,0.2,15.0,2.0,0.0,8.2,30.0,720,1280,real,0.06999999999999999,0.14285714081632656,0.020000000000000004,0.49999997500000126,0.0,0.05,0.13999999999999999,3.4999998250000086,0.0,0.35,0.0,0.1,0.0,0.010000000000000002,0.31622776601683794,0.48999999999999994,0.8366600265340756,0.04000000000000001,0.4472135954999579,0.5664733228878603,0.5106774339210145,84.21902332639411,72.90001390952652,1.770282775017906,2.259784617049761,1.3,1.5652475842498528,10376214.059203124,12192926.773163315,1673.5954720660134,1139.1236620989212
4edfcfd3b53c,C:\Users\bperr\Desktop\frame-truth\frametruth_training\data\raw_videos\4edfcfd3b53c.mp4,0.3152485675762247,0.1413242622977928,1.0,1.0,116.07755833622984,72.1268752918677,178.3642561163416,0.5023293686237873,0.4346105456352234,0.5,1.2538655996322632,0.7975330073337007,7.414986610412598,1.2538655996322632,0.0,0.0,0.25,1,1,10220147.620383892,10678136.92592734,25112627.44629941,2.456880332837943,-1.0,1074.1416015625,1155.856201171875,1808.7408447265625,0.9740951335901512,0.880046374319783,0.005907698840846,2426273.0,0.1,0.7,0.2,15.0,2.0,0.0,7.966666666666667,60.0,720,1280,real,0.06999999999999999,0.14285714081632656,0.020000000000000004,0.49999997500000126,0.0,0.025,0.13999999999999999,3.4999998250000086,0.0,0.175,0.0,0.05,0.0,0.010000000000000002,0.31622776601683794,0.48999999999999994,0.8366600265340756,0.04000000000000001,0.4472135954999579,0.6141432074685044,0.4511713234659561,91.76775477826574,74.84442222642983,1.9424768937743415,2.7041460997350444,0.45,0.51234753829798,9202182.689898195,10316458.350090634,1009.6861387899446,749.1023040843845
0668a99c48aa,C:\Users\bperr\Desktop\frame-truth\frametruth_training\data\raw_videos\0668a99c48aa.mp4,0.2493305796879162,0.0062442380259615,1.0,1.0,115.66559443281308,82.80254647396481,179.34969606597113,6.340997025203677,0.5245445966720581,0.5,1.7895596027374268,0.5587963874877083,8.564947128295898,1.7895596027374268,0.0,0.0,0.5,6,6,14231634.094789602,15655514.96008881,35788933.3035606,2.47581186605146,-1.0,4464.9169921875,4229.19384765625,3549.52880859375,0.9752264585589062,0.8932851824935675,0.0008894193935677,993231.0,0.1,0.7,0.2,15.0,2.0,0.0,24.966666666666665,30.0,720,1280,real,0.06999999999999999,0.14285714081632656,0.020000000000000004,0.49999997500000126,0.0,0.05,0.13999999999999999,3.4999998250000086,0.0,0.35,0.0,0.1,0.0,0.010000000000000002,0.31622776601683794,0.48999999999999994,0.8366600265340756,0.04000000000000001,0.4472135954999579,0.5638937044284694,0.5132576639790808,96.03970849948817,71.98798678861245,2.2879012196550863,3.1366802497282182,2.5,3.2015621187164243,13135216.766850177,14712347.765733626,3060.9101344642236,2077.18043720751
64681f89f68e,C:\Users\bperr\Desktop\frame-truth\frametruth_training\data\raw_videos\64681f89f68e.mp4,0.2497436818824834,0.0069666790201978,1.0,1.0,91.03784616553322,77.19074628083467,177.6256822125909,0.4020282693354167,0.8326423168182373,0.5,3.126568555831909,0.319839358166437,9.511602401733398,3.126568555831909,0.0,1.0,0.0,0,0,12421859.45144672,13958797.227886971,31468857.410736024,2.533390134777485,-1.0,4539.40234375,2718.587890625,1809.5118408203125,0.9367798888370864,0.8535517432642251,0.0015159953494142,1372748.0,0.1,0.7,0.2,15.0,2.0,0.0,9.342666666666666,29.97002997002997,720,1280,real,0.06999999999999999,0.14285714081632656,0.020000000000000004,0.49999997500000126,0.1,0.0,0.13999999999999999,3.4999998250000086,0.7,0.0,0.2,0.0,0.0,0.010000000000000002,0.31622776601683794,0.48999999999999994,0.8366600265340756,0.04000000000000001,0.4472135954999579,0.5641775902256703,0.512911632416804,86.56407573207355,72.62687410014858,2.9028701980636487,3.4787095377236215,0.2,0.44721359549995804,11569903.124691969,12943398.968627011,2266.8758977976654,1890.001897309736
5b00d422a90d,C:\Users\bperr\Desktop\frame-truth\frametruth_training\data\raw_videos\5b00d422a90d.mp4,0.3453960256847772,0.110370061524517,1.0,1.0,78.42208787527849,79.63906540434834,179.27693521793228,0.8751768916914491,0.7414267063140869,0.5,2.7968194484710693,0.3575488732380612,4.118764400482178,2.7968194484710693,0.0,0.0,0.25,1,1,13985430.75490439,15658050.691323591,37672481.16299143,2.69323240368435,-1.0,3341.423095703125,2955.43701171875,3440.466552734375,0.8403169232821645,0.8445398061473939,0.0022950970264593,704721.0,0.1,0.7,0.2,15.0,2.0,0.0,98.5985,29.97002997002997,720,1280,real,0.06999999999999999,0.14285714081632656,0.020000000000000004,0.49999997500000126,0.0,0.025,0.13999999999999999,3.4999998250000086,0.0,0.175,0.0,0.05,0.0,0.010000000000000002,0.31622776601683794,0.48999999999999994,0.8366600265340756,0.04000000000000001,0.4472135954999579,0.6139415218023235,0.45599093421834364,84.55331634731265,73.11255437020262,1.8852298128294107,1.5627939285699837,0.45,0.51234753829798,13463192.860490361,15440975.129784094,2434.3322388133192,1636.3203170040867
5828acdfcebc,C:\Users\bperr\Desktop\frame-truth\frametruth_training\data\raw_videos\5828acdfcebc.mp4,0.3494880783863779,0.0905701046922324,1.0,1.0,90.15725936878492,83.4932796443889,179.2491480665208,2.623137310742676,0.6422452330589294,0.5,3.3401107788085938,0.2993911779673123,4.522866725921631,3.3401107788085938,0.0,0.0,0.5,4,4,11866406.390839752,10103264.676751224,29280284.379138336,2.464902234305382,-1.0,3255.973876953125,2463.19677734375,1883.3536376953125,0.9431461115524298,0.9116317367282116,0.0014222480231366,882473.0,0.1,0.7,0.2,15.0,2.0,0.0,10.966666666666669,30.0,720,1280,real,0.06999999999999999,0.14285714081632656,0.020000000000000004,0.49999997500000126,0.0,0.05,0.13999999999999999,3.4999998250000086,0.0,0.35,0.0,0.1,0.0,0.010000000000000002,0.31622776601683794,0.48999999999999994,0.8366600265340756,0.04000000000000001,0.4472135954999579,0.6100145457696526,0.4625558980980723,88.88070609760933,72.19759328618593,2.1074541157608433,1.8370051914180003,1.7,2.1095023109728985,10249991.382326309,11988650.824795226,1900.6314285600527,1386.3772775377658
796114747d5a,C:\Users\bperr\Desktop\frame-truth\frametruth_training\data\raw_videos\796114747d5a.mp4,0.3626387052033566,0.0323854814016628,1.0,1.0,125.1531469477665,75.41927112982573,179.20209474283027,0.970469180803924,0.973215639591217,0.5,1.6825116872787476,0.5943491585893323,4.292675971984863,1.6825116872787476,0.0,0.0,0.5,2,2,15397066.173951928,15998788.06352966,38928577.23869563,2.5303278938025677,-1.0,1943.919921875,2056.99853515625,6267.01220703125,0.7937341130280015,0.7225530177581174,0.0007954944245943,2308335.0,0.1,0.7,0.2,15.0,2.0,0.0,7.366666666666666,30.0,720,1280,real,0.06999999999999999,0.14285714081632656,0.020000000000000004,0.49999997500000126,0.0,0.05,0.13999999999999999,3.4999998250000086,0.0,0.35,0.0,0.1,0.0,0.010000000000000002,0.31622776601683794,0.48999999999999994,0.8366600265340756,0.04000000000000001,0.4472135954999579,0.5987560466512549,0.48253512352692207,95.18624550030661,75.77163913046897,1.6208773574538178,1.4053965498845729,0.9,1.02469507659596,14064886.601301024,15963707.405851934,2566.982864889231,2641.205881463812
b7b45df61b0f,C:\Users\bperr\Desktop\frame-truth\frametruth_training\data\raw_videos\b7b45df61b0f.mp4,0.2818970765413118,0.0336939110312925,1.0,1.0,90.10715079012648,86.35115062221716,178.46195242424812,1.3636590581806298,0.6721592545509338,0.5,2.498258590698242,0.4002786594809022,4.9787421226501465,2.498258590698242,0.0,0.0,0.5,2,2,16952147.222341336,14446121.696291177,35042129.77410959,2.0767777611217624,-1.0,4913.29931640625,5281.25830078125,5788.53857421875,0.994246335604649,0.8614287587995899,0.0006995154279587,2309708.0,0.1,0.7,0.2,15.0,2.0,0.0,9.433333333333334,30.0,720,1280,real,0.06999999999999999,0.14285714081632656,0.020000000000000004,0.49999997500000126,0.0,0.05,0.13999999999999999,3.4999998250000086,0.0,0.35,0.0,0.1,0.0,0.010000000000000002,0.31622776601683794,0.48999999999999994,0.8366600265340756,0.04000000000000001,0.4472135954999579,0.5788977468931511,0.4966926735823859,89.0709782236931,72.3228668760085,1.9246162030130778,1.7836816415020622,0.9,1.02469507659596,13288079.953903973,14501303.75441127,3995.7742227304193,2687.906972673494
fed8362cb672,C:\Users\bperr\Desktop\frame-truth\frametruth_training\data\raw_videos\fed8362cb672.mp4,0.5487791010750595,0.0429212193304571,1.0,1.0,82.3713736245222,72.49661708067163,171.9323606931952,0.0931727862967834,0.6674436330795288,0.5,1.2649155855178833,0.7905659641505761,2.486238479614258,1.2649155855178833,0.0,0.5714285714285714,0.5,3,7,15680164.562035983,12781132.06983686,31117017.03055932,1.9844770813530543,-1.0,1107.54345703125,1341.98193359375,1427.038330078125,0.9790654048974544,0.7506769488991478,0.0103249272608024,513202.0,0.1,0.7,0.2,15.0,2.0,0.0,8.0,30.0,720,1280,real,0.06999999999999999,0.14285714081632656,0.020000000000000004,0.49999997500000126,0.05714285714285714,0.05,0.13999999999999999,3.4999998250000086,0.39999999999999997,0.35,0.11428571428571428,0.1,0.2857142857142857,0.010000000000000002,0.31622776601683794,0.48999999999999994,0.8366600265340756,0.04000000000000001,0.4472135954999579,0.6479250801013792,0.4559872422002065,81.72338104617145,70.44313067329394,1.162346541313355,0.7204975099026693,2.2142857142857144,2.9180997451164994,11915662.92938185,12918770.561919203,969.1435114075964,660.0630859015765
787bf482b21b,C:\Users\bperr\Desktop\frame-truth\frametruth_training\data\raw_videos\787bf482b21b.mp4,0.2493921716253286,0.00671482805404,1.0,1.0,78.6445369151493,85.81926606825637,179.0904287511032,3.831094389587588,0.934233009815216,0.5,1.8077539205551147,0.5531723291854882,7.971579074859619,1.8077539205551147,0.0,0.0,0.5,3,3,10574495.724571124,12317644.667884856,33091960.41144473,3.142621487170411,-1.0,4166.70458984375,2719.0703125,2431.515869140625,0.4345452971604194,0.8463296867581478,0.0003566263321825,1133792.0,0.1,0.7,0.2,15.0,2.0,0.0,38.833333333333336,30.0,720,1280,real,0.06999999999999999,0.14285714081632656,0.020000000000000004,0.49999997500000126,0.0,0.05,0.13999999999999999,3.4999998250000086,0.0,0.35,0.0,0.1,0.0,0.010000000000000002,0.31622776601683794,0.48999999999999994,0.8366600265340756,0.04000000000000001,0.4472135954999579,0.5640267499198421,0.5130746682771856,86.84633153102412,71.80721265532719,2.2624153758284256,2.8565599019450008,1.3,1.5652475842498528,11196820.58930444,13525699.772290178,2329.322782027677,1728.58915821873
32521b2d8fde,C:\Users\bperr\Desktop\frame-truth\frametruth_training\data\raw_videos\32521b2d8fde.mp4,0.2594249095450739,0.0496940830872546,1.0,1.0,108.83940307611918,80.81432612450499,179.4673687916602,3.114201096699884,1.3202893733978271,0.5,3.079862117767334,0.3246897546293952,6.55736255645752,3.079862117767334,0.0,0.0,0.5,2,2,13199481.679711943,13877914.413043931,32942341.69284273,2.56370720695843,-1.0,3717.533935546875,2864.9140625,3602.0859375,0.8687697497661424,0.8039301060100172,0.00110243464064,3441576.0,0.1,0.7,0.2,15.0,2.0,0.0,18.133333333333333,60.0,720,1280,real,0.06999999999999999,0.14285714081632656,0.020000000000000004,0.49999997500000126,0.0,0.05,0.13999999999999999,3.4999998250000086,0.0,0.35,0.0,0.1,0.0,0.010000000000000002,0.31622776601683794,0.48999999999999994,0.8366600265340756,0.04000000000000001,0.4472135954999579,0.5772797481580821,0.4955680764040792,93.05882477224607,72.92787808611523,2.4770109866699017,2.33474589296205,0.9,1.02469507659596,12003947.869861163,13523561.65147623,2546.133759495379,1738.9293414455797
6988c820aa07,C:\Users\bperr\Desktop\frame-truth\frametruth_training\data\raw_videos\6988c820aa07.mp4,0.2670571075405308,0.0601673834420228,1.0,1.0,108.11298350105722,75.21835141218838,179.42204309155272,2.492971002483596,0.7900335192680359,0.5,3.381596326828003,0.2957182370788119,9.34176540374756,3.381596326828003,0.0,1.0,0.0,0,0,13530978.866854366,11344146.439414922,23297868.04327807,1.714497379764079,-1.0,2341.70947265625,2456.693603515625,2546.484619140625,0.9802872252905176,0.8788155881112225,0.0010001328901926,1032007.0,0.1,0.7,0.2,15.0,2.0,0.0,30.366666666666667,30.0,720,1280,real,0.06999999999999999,0.14285714081632656,0.020000000000000004,0.49999997500000126,0.1,0.0,0.13999999999999999,3.4999998250000086,0.7,0.0,0.2,0.0,0.0,0.010000000000000002,0.31622776601683794,0.48999999999999994,0.8366600265340756,0.04000000000000001,0.4472135954999579,0.5818061227456384,0.4902197312977527,91.31158725182048,73.46989899826609,2.948451635625069,3.433376421118875,0.2,0.44721359549995804,9634598.812808948,9879780.254100457,1836.2221738613475,1227.0130594636448
aa8d02f2e279,C:\Users\bperr\Desktop\frame-truth\frametruth_training\data\raw_videos\aa8d02f2e279.mp4,0.2556609570582395,0.0102911688526696,1.0,1.0,114.86509414918014,81.8697447352563,179.13540245798407,2.816042109605971,0.760100781917572,0.5,1.7916260957717896,0.5581518622708842,8.891997337341309,1.7916260957717896,0.0,0.0,0.25,1,1,13780851.05565878,16312887.845985016,37138732.66400771,2.6952366484911088,-1.0,4197.9013671875,3888.68994140625,4159.408203125,0.9506770224914736,0.8475556093269703,0.0007011061073647,3043870.0,0.1,0.7,0.2,15.0,2.0,0.0,28.916666666666668,60.0,720,1280,real,0.06999999999999999,0.14285714081632656,0.020000000000000004,0.49999997500000126,0.0,0.025,0.13999999999999999,3.4999998250000086,0.0,0.175,0.0,0.05,0.0,0.010000000000000002,0.31622776601683794,0.48999999999999994,0.8366600265340756,0.04000000000000001,0.4472135954999579,0.5664880314777273,0.5105009545829295,94.67157086300662,73.35584990348056,2.382250362178891,3.2427164770545476,0.45,0.51234753829798,13446494.652177632,15258329.998949513,3061.5000532062145,2045.6320658194493
eca958a86134,C:\Users\bperr\Desktop\frame-truth\frametruth_training\data\raw_videos\eca958a86134.mp4,0.2563038578826844,0.0133534145278662,1.0,1.0,103.45080111194852,85.75792351384595,179.74769584282708,3.826257469373872,0.4191163182258606,0.5,3.84447717666626,0.2601133246299632,8.615862846374512,3.84447717666626,0.0,0.0,0.5,3,3,13542924.247152444,16448761.324119752,35589103.29908228,2.662918313924727,-1.0,4187.1591796875,4032.8720703125,4117.59521484375,0.9884550486627576,0.8875272844196931,0.0007405015663283,3463185.0,0.1,0.7,0.2,15.0,2.0,0.0,21.883333333333333,60.0,720,1280,real,0.06999999999999999,0.14285714081632656,0.020000000000000004,0.49999997500000126,0.0,0.05,0.13999999999999999,3.4999998250000086,0.0,0.35,0.0,0.1,0.0,0.010000000000000002,0.31622776601683794,0.48999999999999994,0.8366600265340756,0.04000000000000001,0.4472135954999579,0.5674143181026376,0.5092589216019605,93.19566948449886,72.20026052695884,2.914007807093809,3.266122182110874,1.3,1.5652475842498528,13116158.106654558,14666192.437890315,3084.406801336329,2057.2382960604737
a22d8bf6bb0d,C:\Users\bperr\Desktop\frame-truth\frametruth_training\data\raw_videos\a22d8bf6bb0d.mp4,0.4759615918375006,0.0913204264347968,1.0,1.0,97.76193251954584,71.75752687549482,178.10763958750974,0.5668619088965696,0.3153430223464966,0.5,0.663092315196991,1.508083367878503,2.2992279529571533,0.663092315196991,0.0,0.3,0.5,7,10,10427349.086664692,11524257.713595804,29585216.988162927,2.844070701621421,-1.0,703.024658203125,1145.6417236328125,1509.2646484375,0.983259885145157,0.9344318385528928,0.0136449898043096,709634.0,0.1,0.7,0.2,15.0,2.0,0.0,13.6,30.0,720,1280,real,0.06999999999999999,0.14285714081632656,0.020000000000000004,0.49999997500000126,0.03,0.05,0.13999999999999999,3.4999998250000086,0.21,0.35,0.06,0.1,0.15,0.010000000000000002,0.31622776601683794,0.48999999999999994,0.8366600265340756,0.04000000000000001,0.4472135954999579,0.6418205045680744,0.4423967362947164,87.04849022286173,73.30173286897337,0.9914731622626891,0.7604570328292696,3.56,4.63605435688582,10307365.126498824,12099734.60252757,839.4861688158104,649.5306761160064
3daad1c64a12,C:\Users\bperr\Desktop\frame-truth\frametruth_training\data\raw_videos\3daad1c64a12.mp4,0.4224036624205518,0.0333261427994402,1.0,1.0,75.05593869850814,63.236714435568445,177.12148065745828,0.0988795237060806,0.4581451416015625,0.5,1.7954554557800293,0.5569614327213265,1.2338650226593018,1.7954554557800293,0.0,0.0,0.5,4,4,11518881.72072724,13559963.810993738,32319053.584116746,2.8097681590814108,-1.0,1444.052001953125,521.994140625,393.9944458007813,0.8096524105492042,0.7643460211900633,0.0027192641050328,870695.0,0.1,0.7,0.2,15.0,2.0,0.0,8.75875,23.976023976023978,720,1280,real,0.06999999999999999,0.14285714081632656,0.020000000000000004,0.49999997500000126,0.0,0.05,0.13999999999999999,3.4999998250000086,0.0,0.35,0.0,0.1,0.0,0.010000000000000002,0.31622776601683794,0.48999999999999994,0.8366600265340756,0.04000000000000001,0.4472135954999579,0.613932451304998,0.4732452735311536,78.87825332881025,73.29663312220775,1.0566470847570415,0.6388784108860411,1.7,2.1095023109728985,11479580.185121177,13249289.349729748,590.0108269107528,611.1586228995105
69e052c9ea2d,C:\Users\bperr\Desktop\frame-truth\frametruth_training\data\raw_videos\69e052c9ea2d.mp4,0.2595004756241426,0.0190103374363314,1.0,1.0,117.00082196686694,79.60234064736606,178.41656820881667,1.1942296603019449,1.1730303764343262,0.5,2.255367994308472,0.4433864270208317,3.970729112625122,2.255367994308472,0.0,0.0,0.5,3,3,13184978.491936782,13428821.64664862,33264672.233269192,2.5128177595176417,-1.0,2621.82958984375,2611.64892578125,2476.617431640625,0.9770712826165656,0.8594842763301013,0.0009618974921763,969573.0,0.1,0.7,0.2,15.0,2.0,0.0,9.833333333333334,30.0,720,1280,real,0.06999999999999999,0.14285714081632656,0.020000000000000004,0.49999997500000126,0.0,0.05,0.13999999999999999,3.4999998250000086,0.0,0.35,0.0,0.1,0.0,0.010000000000000002,0.31622776601683794,0.48999999999999994,0.8366600265340756,0.04000000000000001,0.4472135954999579,0.5696277032651185,0.5065566794447336,94.0534901208379,74.1066505286187,1.7663136507828707,1.344876765759838,1.3,1.5652475842498528,11975694.776934471,13634780.897448389,1927.5242272907792,1286.7188018690629
639dfbb60040,C:\Users\bperr\Desktop\frame-truth\frametruth_training\data\raw_videos\639dfbb60040.mp4,0.4427930247028055,0.0356023638079463,1.0,1.0,95.0573903869394,82.0418539065381,179.04474830719437,1.34865437310945,0.781293511390686,0.5,1.4179092645645142,0.7052632490160667,5.828049182891846,1.4179092645645142,0.0,1.0,0.0,0,0,13256182.668446552,12745340.08979431,27604760.182913765,2.0819504821989616,-1.0,3013.70361328125,2717.3203125,2811.840087890625,0.9239982669597648,0.8663272734167669,0.0028444199921193,2310728.0,0.1,0.7,0.2,15.0,2.0,0.0,17.933333333333334,30.0,720,1280,real,0.06999999999999999,0.14285714081632656,0.020000000000000004,0.49999997500000126,0.1,0.0,0.13999999999999999,3.4999998250000086,0.7,0.0,0.2,0.0,0.0,0.010000000000000002,0.31622776601683794,0.48999999999999994,0.8366600265340756,0.04000000000000001,0.4472135954999579,0.619598847127688,0.46965315769062765,89.37316174344534,72.74468105303019,1.7750707454046044,2.02186297940728,0.2,0.44721359549995804,10721256.804621022,11461523.898971338,2135.716714522967,1429.1652914125907
25accc1384d4,C:\Users\bperr\Desktop\frame-truth\frametruth_training\data\raw_videos\25accc1384d4.mp4,0.3002466305224111,0.097257488046214,1.0,1.0,126.81490728964825,69.03874147235199,178.6305501074026,1.3078304620753765,0.9890807867050172,0.5,0.4491260349750519,2.2265415397573385,4.256230354309082,0.4491260349750519,0.0,0.0,0.25,1,1,12059784.853470258,10824020.379811406,28856965.93374379,2.3927802402995173,-1.0,3089.96923828125,2445.12158203125,2151.36572265625,0.9218745731953129,0.9603452857644064,0.0054384221375704,1252399.0,0.1,0.7,0.2,15.0,2.0,0.0,26.8268,29.97002997002997,720,1280,real,0.06999999999999999,0.14285714081632656,0.020000000000000004,0.49999997500000126,0.0,0.025,0.13999999999999999,3.4999998250000086,0.0,0.175,0.0,0.05,0.0,0.010000000000000002,0.31622776601683794,0.48999999999999994,0.8366600265340756,0.04000000000000001,0.4472135954999579,0.5993760296421562,0.46996473572767167,93.94800733286955,76.27590283501837,1.4783507917869236,1.5226008583314727,0.45,0.51234753829798,10348154.511961138,11831111.547300946,1921.615495347722,1339.711345682016
83c5085bc65a,C:\Users\bperr\Desktop\frame-truth\frametruth_training\data\raw_videos\83c5085bc65a.mp4,0.3192460393254149,0.074261995106882,1.0,1.0,85.59561936371975,77.61757027269593,177.12969647764615,0.813464789522449,1.100049614906311,0.5,2.439823627471924,0.4098655242430974,2.725790739059448,2.439823627471924,0.0,1.0,0.0,0,0,14150734.79119489,13076298.000793226,32388239.93009485,2.2741835739054785,-1.0,3881.9248046875,4035.4765625,3353.64892578125,0.9704656851288704,0.9384410650257526,0.0006795044224965,1121934.0,0.1,0.7,0.2,15.0,2.0,0.0,11.433333333333334,30.0,720,1280,real,0.06999999999999999,0.14285714081632656,0.020000000000000004,0.49999997500000126,0.1,0.0,0.13999999999999999,3.4999998250000086,0.7,0.0,0.2,0.0,0.0,0.010000000000000002,0.31622776601683794,0.48999999999999994,0.8366600265340756,0.04000000000000001,0.4472135954999579,0.5983770086080742,0.4744163782372434,85.28908772589607,72.17980887584409,1.6025588555254506,1.053977552907376,0.2,0.44721359549995804,11923054.799253307,13317608.37740482,2817.762743118293,1901.0720560696786
3bf271b57447,C:\Users\bperr\Desktop\frame-truth\frametruth_training\data\raw_videos\3bf271b57447.mp4,0.3000456903537809,0.0358361526159855,1.0,1.0,102.11464372063404,84.99071277318436,179.1352099242071,2.77073551575632,0.5030031204223633,0.5,0.7744616866111755,1.291217791751479,3.558318614959717,0.7744616866111755,0.0,0.0999999999999999,0.5,9,10,9088103.09798476,12514922.09837576,34979849.33776558,4.005620195582444,-1.0,0.0,0.0,0.0,0.0,0.0,1000000.0,1002960.0,0.1,0.7,0.2,15.0,2.0,0.0,9.1,30.0,720,1280,real,0.06999999999999999,0.14285714081632656,0.020000000000000004,0.49999997500000126,0.00999999999999999,0.05,0.13999999999999999,3.4999998250000086,0.06999999999999992,0.35,0.01999999999999998,0.1,0.04999999999999995,0.010000000000000002,0.31622776601683794,0.48999999999999994,0.8366600265340756,0.04000000000000001,0.4472135954999579,0.5839704607424416,0.4923500279459845,92.25282548344545,72.35465175337795,1.2335771500593185,1.1748355789322582,3.9200000000000004,5.109500954105009,11316575.50794926,14339476.512457011,250000.0,500000.0
b8aff424180c,C:\Users\bperr\Desktop\frame-truth\frametruth_training\data\raw_videos\b8aff424180c.mp4,0.3242502971657094,0.0687389337494086,1.0,1.0,81.100520790656,76.66595569926868,177.22848406373308,0.2394811503477118,1.5683549205448966,0.5,0.2745039463043213,3.642921606561441,1.3593339920043943,0.2745039463043213,0.0,0.0,0.5,2,2,11754500.949623704,11915406.580024997,30743113.038743816,2.6166728689627425,-1.0,2304.267333984375,2001.403076171875,1619.590087890625,0.9946859807620626,0.9111551050636658,0.003451949489417,835535.0,0.1,0.7,0.2,15.0,2.0,0.0,12.166666666666666,30.0,720,1280,real,0.06999999999999999,0.14285714081632656,0.020000000000000004,0.49999997500000126,0.0,0.05,0.13999999999999999,3.4999998250000086,0.0,0.35,0.0,0.1,0.0,0.010000000000000002,0.31622776601683794,0.48999999999999994,0.8366600265340756,0.04000000000000001,0.4472135954999579,0.5982473077287795,0.47548709460444327,83.80861042600137,72.50154808553873,1.269936401953229,1.2886177038366338,0.9,1.02469507659596,10882604.437013077,12581025.486745028,1481.315987499091,1026.506381422209
aaa21e7cd316,C:\Users\bperr\Desktop\frame-truth\frametruth_training\data\raw_videos\aaa21e7cd316.mp4,0.4274993899396076,0.117999899899542,1.0,1.0,91.26646119795215,79.8697348767609,179.69386495694698,1.4551554578190653,1.015687346458435,0.5,2.4920132160186768,0.4012818199719713,3.7653579711914062,2.4920132160186768,0.0,0.0,0.5,4,4,14226706.874012036,17537925.182531025,44959878.64953518,3.16175228643386,-1.0,3856.939208984375,3107.76025390625,2449.748779296875,0.9157082391992092,0.8373785726018463,0.000766933913338,996910.0,0.1,0.7,0.2,15.0,2.0,0.0,73.9,30.0,720,1280,real,0.06999999999999999,0.14285714081632656,0.020000000000000004,0.49999997500000126,0.0,0.05,0.13999999999999999,3.4999998250000086,0.0,0.35,0.0,0.1,0.0,0.010000000000000002,0.31622776601683794,0.48999999999999994,0.8366600265340756,0.04000000000000001,0.4472135954999579,0.6363748224597874,0.4384776870537941,88.07130412236977,72.9715141458033,1.7777255949431943,1.347514640227493,1.7,2.1095023109728985,15344902.573566103,18398631.208644837,2353.6122522803535,1671.0735474429587
b0a4cca2ce11,C:\Users\bperr\Desktop\frame-truth\frametruth_training\data\raw_videos\b0a4cca2ce11.mp4,0.2944788558856052,0.1276294704235314,1.0,1.0,78.98236525786626,83.94996203179323,178.11008082247736,2.8782747496812644,0.8347300291061401,0.5,4.050232887268066,0.2468993218252174,5.847971439361572,4.050232887268066,0.0,0.0,0.25,1,1,8877762.351203475,9073956.900988547,22714168.822273627,2.567703691041995,-1.0,786.2987899780273,819.0943984985352,1760.9592895507812,0.7273316195561559,0.7157609022251765,0.0012458431790217,1031063.0,0.1,0.7,0.2,15.0,2.0,0.0,13.046366666666668,29.97002997002997,720,1280,real,0.06999999999999999,0.14285714081632656,0.020000000000000004,0.49999997500000126,0.0,0.025,0.13999999999999999,3.4999998250000086,0.0,0.175,0.0,0.05,0.0,0.010000000000000002,0.31622776601683794,0.48999999999999994,0.8366600265340756,0.04000000000000001,0.4472135954999579,0.6055270815772842,0.4605630221769417,85.98017071545453,71.75638526281308,2.5883444274715104,2.358733350045174,0.45,0.51234753829798,8133177.928433868,9305131.748320106,841.5884309676306,720.4338257085327
5f5e81420fca,C:\Users\bperr\Desktop\frame-truth\frametruth_training\data\raw_videos\5f5e81420fca.mp4,0.2493913435580785,0.0235783567417217,1.0,1.0,82.9568363669096,72.81894780367764,174.80210490904284,0.953055492726728,0.1243525445461273,0.5,0.9805570840835572,1.0198273985315347,2.959196090698242,0.9805570840835572,0.0,0.0,0.25,1,1,7101908.951441247,7478331.284153102,18074500.487913013,2.3259678729145232,-1.0,251.0185394287109,135.50506591796875,82.08698272705078,0.9368144292982384,0.8890892567806776,0.0044315823891914,804355.0,0.1,0.7,0.2,15.0,2.0,0.0,21.53333333333333,30.0,720,1280,real,0.06999999999999999,0.14285714081632656,0.020000000000000004,0.49999997500000126,0.0,0.025,0.13999999999999999,3.4999998250000086,0.0,0.175,0.0,0.05,0.0,0.010000000000000002,0.31622776601683794,0.48999999999999994,0.8366600265340756,0.04000000000000001,0.4472135954999579,0.56824242507495,0.5070023558551783,82.8827361430892,71.32771376397208,1.0940817003238363,0.9801274171990464,0.45,0.51234753829798,6530948.409895047,7412551.547445138,117.15375491402992,105.21437420397154
